Character(decimal),Decimal,Character(hex),Hex,Name,Braille
­њђђ,73728,­њђђ,12000,CUNEIFORM SIGN A,РаЂ
­њђЂ,73729,­њђЂ,12001,CUNEIFORM SIGN A TIMES A,РаЂРаљРадРаЂ
­њђѓ,73730,­њђѓ,12002,CUNEIFORM SIGN A TIMES BAD,РаЂРаљРадРаЃРаЂРаЎ
­њђЃ,73731,­њђЃ,12003,CUNEIFORM SIGN A TIMES GAN2 TENU,РаЂРаљРадРаЏРаЂРаЮРа╝РаЃ РаъРаЉРаЮРаЦ
­њђё,73732,­њђё,12004,CUNEIFORM SIGN A TIMES HA,РаЂРаљРадРаЊРаЂ
­њђЁ,73733,­њђЁ,12005,CUNEIFORM SIGN A TIMES IGI,РаЂРаљРадРаіРаЏРаі
­њђє,73734,­њђє,12006,CUNEIFORM SIGN A TIMES LAGAR GUNU,РаЂРаљРадРаЄРаЂРаЏРаЂРаЌ РаЏРаЦРаЮРаЦ
­њђЄ,73735,­њђЄ,12007,CUNEIFORM SIGN A TIMES MUSH,РаЂРаљРадРаЇРаЦРајРаЊ
­њђѕ,73736,­њђѕ,12008,CUNEIFORM SIGN A TIMES SAG,РаЂРаљРадРајРаЂРаЏ
­њђЅ,73737,­њђЅ,12009,CUNEIFORM SIGN A2,РаЂРа╝РаЃ
­њђі,73738,­њђі,1200A,CUNEIFORM SIGN AB,РаЂРаЃ
­њђІ,73739,­њђІ,1200B,CUNEIFORM SIGN AB TIMES ASH2,РаЂРаЃРаљРадРаЂРајРаЊРа╝РаЃ
­њђї,73740,­њђї,1200C,CUNEIFORM SIGN AB TIMES DUN3 GUNU,РаЂРаЃРаљРадРаЎРаЦРаЮРа╝РаЅ РаЏРаЦРаЮРаЦ
­њђЇ,73741,­њђЇ,1200D,CUNEIFORM SIGN AB TIMES GAL,РаЂРаЃРаљРадРаЏРаЂРаЄ
­њђј,73742,­њђј,1200E,CUNEIFORM SIGN AB TIMES GAN2 TENU,РаЂРаЃРаљРадРаЏРаЂРаЮРа╝РаЃ РаъРаЉРаЮРаЦ
­њђЈ,73743,­њђЈ,1200F,CUNEIFORM SIGN AB TIMES HA,РаЂРаЃРаљРадРаЊРаЂ
­њђљ,73744,­њђљ,12010,CUNEIFORM SIGN AB TIMES IGI GUNU,РаЂРаЃРаљРадРаіРаЏРаі РаЏРаЦРаЮРаЦ
­њђЉ,73745,­њђЉ,12011,CUNEIFORM SIGN AB TIMES IMIN,РаЂРаЃРаљРадРаіРаЇРаіРаЮ
­њђњ,73746,­њђњ,12012,CUNEIFORM SIGN AB TIMES LAGAB,РаЂРаЃРаљРадРаЄРаЂРаЏРаЂРаЃ
­њђЊ,73747,­њђЊ,12013,CUNEIFORM SIGN AB TIMES SHESH,РаЂРаЃРаљРадРајРаЊРаЉРајРаЊ
­њђћ,73748,­њђћ,12014,CUNEIFORM SIGN AB TIMES U PLUS U PLUS U,РаЂРаЃРаљРадРаЦРаљРаќРаЦРаљРаќРаЦ
­њђЋ,73749,­њђЋ,12015,CUNEIFORM SIGN AB GUNU,РаЂРаЃ РаЏРаЦРаЮРаЦ
­њђќ,73750,­њђќ,12016,CUNEIFORM SIGN AB2,РаЂРаЃРа╝РаЃ
­њђЌ,73751,­њђЌ,12017,CUNEIFORM SIGN AB2 TIMES BALAG,РаЂРаЃРа╝РаЃРаљРадРаЃРаЂРаЄРаЂРаЏ
­њђў,73752,­њђў,12018,CUNEIFORM SIGN AB2 TIMES GAN2 TENU,РаЂРаЃРа╝РаЃРаљРадРаЏРаЂРаЮРа╝РаЃ РаъРаЉРаЮРаЦ
­њђЎ,73753,­њђЎ,12019,CUNEIFORM SIGN AB2 TIMES ME PLUS EN,РаЂРаЃРа╝РаЃРаљРадРаЇРаЉРаљРаќРаЉРаЮ
­њђџ,73754,­њђџ,1201A,CUNEIFORM SIGN AB2 TIMES SHA3,РаЂРаЃРа╝РаЃРаљРадРајРаЊРаЂРа╝РаЅ
­њђЏ,73755,­њђЏ,1201B,CUNEIFORM SIGN AB2 TIMES TAK4,РаЂРаЃРа╝РаЃРаљРадРаъРаЂРаЁРа╝РаЎ
­њђю,73756,­њђю,1201C,CUNEIFORM SIGN AD,РаЂРаЎ
­њђЮ,73757,­њђЮ,1201D,CUNEIFORM SIGN AK,РаЂРаЁ
­њђъ,73758,­њђъ,1201E,CUNEIFORM SIGN AK TIMES ERIN2,РаЂРаЁРаљРадРаЉРаЌРаіРаЮРа╝РаЃ
­њђЪ,73759,­њђЪ,1201F,CUNEIFORM SIGN AK TIMES SHITA PLUS GISH,РаЂРаЁРаљРадРајРаЊРаіРаъРаЂРаљРаќРаЏРаіРајРаЊ
­њђа,73760,­њђа,12020,CUNEIFORM SIGN AL,РаЂРаЄ
­њђА,73761,­њђА,12021,CUNEIFORM SIGN AL TIMES AL,РаЂРаЄРаљРадРаЂРаЄ
­њђб,73762,­њђб,12022,CUNEIFORM SIGN AL TIMES DIM2,РаЂРаЄРаљРадРаЎРаіРаЇРа╝РаЃ
­њђБ,73763,­њђБ,12023,CUNEIFORM SIGN AL TIMES GISH,РаЂРаЄРаљРадРаЏРаіРајРаЊ
­њђц,73764,­њђц,12024,CUNEIFORM SIGN AL TIMES HA,РаЂРаЄРаљРадРаЊРаЂ
­њђЦ,73765,­њђЦ,12025,CUNEIFORM SIGN AL TIMES KAD3,РаЂРаЄРаљРадРаЁРаЂРаЎРа╝РаЅ
­њђд,73766,­њђд,12026,CUNEIFORM SIGN AL TIMES KI,РаЂРаЄРаљРадРаЁРаі
­њђД,73767,­њђД,12027,CUNEIFORM SIGN AL TIMES SHE,РаЂРаЄРаљРадРајРаЊРаЉ
­њђе,73768,­њђе,12028,CUNEIFORM SIGN AL TIMES USH,РаЂРаЄРаљРадРаЦРајРаЊ
­њђЕ,73769,­њђЕ,12029,CUNEIFORM SIGN ALAN,РаЂРаЄРаЂРаЮ
­њђф,73770,­њђф,1202A,CUNEIFORM SIGN ALEPH,РаЂРаЄРаЉРаЈРаЊ
­њђФ,73771,­њђФ,1202B,CUNEIFORM SIGN AMAR,РаЂРаЇРаЂРаЌ
­њђг,73772,­њђг,1202C,CUNEIFORM SIGN AMAR TIMES SHE,РаЂРаЇРаЂРаЌРаљРадРајРаЊРаЉ
­њђГ,73773,­њђГ,1202D,CUNEIFORM SIGN AN,РаЂРаЮ
­њђ«,73774,­њђ«,1202E,CUNEIFORM SIGN AN OVER AN,РаЂРаЮРаљРаїРаЂРаЮ
­њђ»,73775,­њђ»,1202F,CUNEIFORM SIGN AN THREE TIMES,РаЂРаЮРаћРа╝РаЅ
­њђ░,73776,­њђ░,12030,CUNEIFORM SIGN AN PLUS NAGA OPPOSING AN PLUS NAGA,РаЂРаЮРаљРаќРаЮРаЂРаЏРаЂРаѕРајРаЂРаЮРаљРаќРаЮРаЂРаЏРаЂ
­њђ▒,73777,­њђ▒,12031,CUNEIFORM SIGN AN PLUS NAGA SQUARED,РаЂРаЮРаљРаќРаЮРаЂРаЏРаЂРаћРа╝РаЃ
­њђ▓,73778,­њђ▓,12032,CUNEIFORM SIGN ANSHE,РаЂРаЮРајРаЊРаЉ
­њђ│,73779,­њђ│,12033,CUNEIFORM SIGN APIN,РаЂРаЈРаіРаЮ
­њђ┤,73780,­њђ┤,12034,CUNEIFORM SIGN ARAD,РаЂРаЌРаЂРаЎ
­њђх,73781,­њђх,12035,CUNEIFORM SIGN ARAD TIMES KUR,РаЂРаЌРаЂРаЎРаљРадРаЁРаЦРаЌ
­њђХ,73782,­њђХ,12036,CUNEIFORM SIGN ARKAB,РаЂРаЌРаЁРаЂРаЃ
­њђи,73783,­њђи,12037,CUNEIFORM SIGN ASAL2,РаЂРајРаЂРаЄРа╝РаЃ
­њђИ,73784,­њђИ,12038,CUNEIFORM SIGN ASH,РаЂРајРаЊ
­њђ╣,73785,­њђ╣,12039,CUNEIFORM SIGN ASH ZIDA TENU,РаЂРајРаЊ РахРаіРаЎРаЂ РаъРаЉРаЮРаЦ
­њђ║,73786,­њђ║,1203A,CUNEIFORM SIGN ASH KABA TENU,РаЂРајРаЊ РаЁРаЂРаЃРаЂ РаъРаЉРаЮРаЦ
­њђ╗,73787,­њђ╗,1203B,CUNEIFORM SIGN ASH OVER ASH TUG2 OVER TUG2 TUG2 OVER TUG2 PAP,РаЂРајРаЊРаљРаїРаЂРајРаЊ РаъРаЦРаЏРа╝РаЃРаљРаїРаъРаЦРаЏРа╝РаЃ РаъРаЦРаЏРа╝РаЃРаљРаїРаъРаЦРаЏРа╝РаЃ РаЈРаЂРаЈ
­њђ╝,73788,­њђ╝,1203C,CUNEIFORM SIGN ASH OVER ASH OVER ASH,РаЂРајРаЊРаљРаїРаЂРајРаЊРаљРаїРаЂРајРаЊ
­њђй,73789,­њђй,1203D,CUNEIFORM SIGN ASH OVER ASH OVER ASH CROSSING ASH OVER ASH OVER ASH,РаЂРајРаЊРаљРаїРаЂРајРаЊРаљРаїРаЂРајРаЊРаѕРа»РаЂРајРаЊРаљРаїРаЂРајРаЊРаљРаїРаЂРајРаЊ
­њђЙ,73790,­њђЙ,1203E,CUNEIFORM SIGN ASH2,РаЂРајРаЊРа╝РаЃ
­њђ┐,73791,­њђ┐,1203F,CUNEIFORM SIGN ASHGAB,РаЂРајРаЊРаЏРаЂРаЃ
­њЂђ,73792,­њЂђ,12040,CUNEIFORM SIGN BA,РаЃРаЂ
­њЂЂ,73793,­њЂЂ,12041,CUNEIFORM SIGN BAD,РаЃРаЂРаЎ
­њЂѓ,73794,­њЂѓ,12042,CUNEIFORM SIGN BAG3,РаЃРаЂРаЏРа╝РаЅ
­њЂЃ,73795,­њЂЃ,12043,CUNEIFORM SIGN BAHAR2,РаЃРаЂРаЊРаЂРаЌРа╝РаЃ
­њЂё,73796,­њЂё,12044,CUNEIFORM SIGN BAL,РаЃРаЂРаЄ
­њЂЁ,73797,­њЂЁ,12045,CUNEIFORM SIGN BAL OVER BAL,РаЃРаЂРаЄРаљРаїРаЃРаЂРаЄ
­њЂє,73798,­њЂє,12046,CUNEIFORM SIGN BALAG,РаЃРаЂРаЄРаЂРаЏ
­њЂЄ,73799,­њЂЄ,12047,CUNEIFORM SIGN BAR,РаЃРаЂРаЌ
­њЂѕ,73800,­њЂѕ,12048,CUNEIFORM SIGN BARA2,РаЃРаЂРаЌРаЂРа╝РаЃ
­њЂЅ,73801,­њЂЅ,12049,CUNEIFORM SIGN BI,РаЃРаі
­њЂі,73802,­њЂі,1204A,CUNEIFORM SIGN BI TIMES A,РаЃРаіРаљРадРаЂ
­њЂІ,73803,­њЂІ,1204B,CUNEIFORM SIGN BI TIMES GAR,РаЃРаіРаљРадРаЏРаЂРаЌ
­њЂї,73804,­њЂї,1204C,CUNEIFORM SIGN BI TIMES IGI GUNU,РаЃРаіРаљРадРаіРаЏРаі РаЏРаЦРаЮРаЦ
­њЂЇ,73805,­њЂЇ,1204D,CUNEIFORM SIGN BU,РаЃРаЦ
­њЂј,73806,­њЂј,1204E,CUNEIFORM SIGN BU OVER BU AB,РаЃРаЦРаљРаїРаЃРаЦ РаЂРаЃ
­њЂЈ,73807,­њЂЈ,1204F,CUNEIFORM SIGN BU OVER BU UN,РаЃРаЦРаљРаїРаЃРаЦ РаЦРаЮ
­њЂљ,73808,­њЂљ,12050,CUNEIFORM SIGN BU CROSSING BU,РаЃРаЦРаѕРа»РаЃРаЦ
­њЂЉ,73809,­њЂЉ,12051,CUNEIFORM SIGN BULUG,РаЃРаЦРаЄРаЦРаЏ
­њЂњ,73810,­њЂњ,12052,CUNEIFORM SIGN BULUG OVER BULUG,РаЃРаЦРаЄРаЦРаЏРаљРаїРаЃРаЦРаЄРаЦРаЏ
­њЂЊ,73811,­њЂЊ,12053,CUNEIFORM SIGN BUR,РаЃРаЦРаЌ
­њЂћ,73812,­њЂћ,12054,CUNEIFORM SIGN BUR2,РаЃРаЦРаЌРа╝РаЃ
­њЂЋ,73813,­њЂЋ,12055,CUNEIFORM SIGN DA,РаЎРаЂ
­њЂќ,73814,­њЂќ,12056,CUNEIFORM SIGN DAG,РаЎРаЂРаЏ
­њЂЌ,73815,­њЂЌ,12057,CUNEIFORM SIGN DAG KISIM5 TIMES A PLUS MASH,РаЎРаЂРаЏ РаЁРаіРајРаіРаЇРа╝РаЉРаљРадРаЂРаљРаќРаЇРаЂРајРаЊ
­њЂў,73816,­њЂў,12058,CUNEIFORM SIGN DAG KISIM5 TIMES AMAR,РаЎРаЂРаЏ РаЁРаіРајРаіРаЇРа╝РаЉРаљРадРаЂРаЇРаЂРаЌ
­њЂЎ,73817,­њЂЎ,12059,CUNEIFORM SIGN DAG KISIM5 TIMES BALAG,РаЎРаЂРаЏ РаЁРаіРајРаіРаЇРа╝РаЉРаљРадРаЃРаЂРаЄРаЂРаЏ
­њЂџ,73818,­њЂџ,1205A,CUNEIFORM SIGN DAG KISIM5 TIMES BI,РаЎРаЂРаЏ РаЁРаіРајРаіРаЇРа╝РаЉРаљРадРаЃРаі
­њЂЏ,73819,­њЂЏ,1205B,CUNEIFORM SIGN DAG KISIM5 TIMES GA,РаЎРаЂРаЏ РаЁРаіРајРаіРаЇРа╝РаЉРаљРадРаЏРаЂ
­њЂю,73820,­њЂю,1205C,CUNEIFORM SIGN DAG KISIM5 TIMES GA PLUS MASH,РаЎРаЂРаЏ РаЁРаіРајРаіРаЇРа╝РаЉРаљРадРаЏРаЂРаљРаќРаЇРаЂРајРаЊ
­њЂЮ,73821,­њЂЮ,1205D,CUNEIFORM SIGN DAG KISIM5 TIMES GI,РаЎРаЂРаЏ РаЁРаіРајРаіРаЇРа╝РаЉРаљРадРаЏРаі
­њЂъ,73822,­њЂъ,1205E,CUNEIFORM SIGN DAG KISIM5 TIMES GIR2,РаЎРаЂРаЏ РаЁРаіРајРаіРаЇРа╝РаЉРаљРадРаЏРаіРаЌРа╝РаЃ
­њЂЪ,73823,­њЂЪ,1205F,CUNEIFORM SIGN DAG KISIM5 TIMES GUD,РаЎРаЂРаЏ РаЁРаіРајРаіРаЇРа╝РаЉРаљРадРаЏРаЦРаЎ
­њЂа,73824,­њЂа,12060,CUNEIFORM SIGN DAG KISIM5 TIMES HA,РаЎРаЂРаЏ РаЁРаіРајРаіРаЇРа╝РаЉРаљРадРаЊРаЂ
­њЂА,73825,­њЂА,12061,CUNEIFORM SIGN DAG KISIM5 TIMES IR,РаЎРаЂРаЏ РаЁРаіРајРаіРаЇРа╝РаЉРаљРадРаіРаЌ
­њЂб,73826,­њЂб,12062,CUNEIFORM SIGN DAG KISIM5 TIMES IR PLUS LU,РаЎРаЂРаЏ РаЁРаіРајРаіРаЇРа╝РаЉРаљРадРаіРаЌРаљРаќРаЄРаЦ
­њЂБ,73827,­њЂБ,12063,CUNEIFORM SIGN DAG KISIM5 TIMES KAK,РаЎРаЂРаЏ РаЁРаіРајРаіРаЇРа╝РаЉРаљРадРаЁРаЂРаЁ
­њЂц,73828,­њЂц,12064,CUNEIFORM SIGN DAG KISIM5 TIMES LA,РаЎРаЂРаЏ РаЁРаіРајРаіРаЇРа╝РаЉРаљРадРаЄРаЂ
­њЂЦ,73829,­њЂЦ,12065,CUNEIFORM SIGN DAG KISIM5 TIMES LU,РаЎРаЂРаЏ РаЁРаіРајРаіРаЇРа╝РаЉРаљРадРаЄРаЦ
­њЂд,73830,­њЂд,12066,CUNEIFORM SIGN DAG KISIM5 TIMES LU PLUS MASH2,РаЎРаЂРаЏ РаЁРаіРајРаіРаЇРа╝РаЉРаљРадРаЄРаЦРаљРаќРаЇРаЂРајРаЊРа╝РаЃ
­њЂД,73831,­њЂД,12067,CUNEIFORM SIGN DAG KISIM5 TIMES LUM,РаЎРаЂРаЏ РаЁРаіРајРаіРаЇРа╝РаЉРаљРадРаЄРаЦРаЇ
­њЂе,73832,­њЂе,12068,CUNEIFORM SIGN DAG KISIM5 TIMES NE,РаЎРаЂРаЏ РаЁРаіРајРаіРаЇРа╝РаЉРаљРадРаЮРаЉ
­њЂЕ,73833,­њЂЕ,12069,CUNEIFORM SIGN DAG KISIM5 TIMES PAP PLUS PAP,РаЎРаЂРаЏ РаЁРаіРајРаіРаЇРа╝РаЉРаљРадРаЈРаЂРаЈРаљРаќРаЈРаЂРаЈ
­њЂф,73834,­њЂф,1206A,CUNEIFORM SIGN DAG KISIM5 TIMES SI,РаЎРаЂРаЏ РаЁРаіРајРаіРаЇРа╝РаЉРаљРадРајРаі
­њЂФ,73835,­њЂФ,1206B,CUNEIFORM SIGN DAG KISIM5 TIMES TAK4,РаЎРаЂРаЏ РаЁРаіРајРаіРаЇРа╝РаЉРаљРадРаъРаЂРаЁРа╝РаЎ
­њЂг,73836,­њЂг,1206C,CUNEIFORM SIGN DAG KISIM5 TIMES U2 PLUS GIR2,РаЎРаЂРаЏ РаЁРаіРајРаіРаЇРа╝РаЉРаљРадРаЦРа╝РаЃРаљРаќРаЏРаіРаЌРа╝РаЃ
­њЂГ,73837,­њЂГ,1206D,CUNEIFORM SIGN DAG KISIM5 TIMES USH,РаЎРаЂРаЏ РаЁРаіРајРаіРаЇРа╝РаЉРаљРадРаЦРајРаЊ
­њЂ«,73838,­њЂ«,1206E,CUNEIFORM SIGN DAM,РаЎРаЂРаЇ
­њЂ»,73839,­њЂ»,1206F,CUNEIFORM SIGN DAR,РаЎРаЂРаЌ
­њЂ░,73840,­њЂ░,12070,CUNEIFORM SIGN DARA3,РаЎРаЂРаЌРаЂРа╝РаЅ
­њЂ▒,73841,­њЂ▒,12071,CUNEIFORM SIGN DARA4,РаЎРаЂРаЌРаЂРа╝РаЎ
­њЂ▓,73842,­њЂ▓,12072,CUNEIFORM SIGN DI,РаЎРаі
­њЂ│,73843,­њЂ│,12073,CUNEIFORM SIGN DIB,РаЎРаіРаЃ
­њЂ┤,73844,­њЂ┤,12074,CUNEIFORM SIGN DIM,РаЎРаіРаЇ
­њЂх,73845,­њЂх,12075,CUNEIFORM SIGN DIM TIMES SHE,РаЎРаіРаЇРаљРадРајРаЊРаЉ
­њЂХ,73846,­њЂХ,12076,CUNEIFORM SIGN DIM2,РаЎРаіРаЇРа╝РаЃ
­њЂи,73847,­њЂи,12077,CUNEIFORM SIGN DIN,РаЎРаіРаЮ
­њЂИ,73848,­њЂИ,12078,CUNEIFORM SIGN DIN KASKAL U GUNU DISH,РаЎРаіРаЮ РаЁРаЂРајРаЁРаЂРаЄ РаЦ РаЏРаЦРаЮРаЦ РаЎРаіРајРаЊ
­њЂ╣,73849,­њЂ╣,12079,CUNEIFORM SIGN DISH,РаЎРаіРајРаЊ
­њЂ║,73850,­њЂ║,1207A,CUNEIFORM SIGN DU,РаЎРаЦ
­њЂ╗,73851,­њЂ╗,1207B,CUNEIFORM SIGN DU OVER DU,РаЎРаЦРаљРаїРаЎРаЦ
­њЂ╝,73852,­њЂ╝,1207C,CUNEIFORM SIGN DU GUNU,РаЎРаЦ РаЏРаЦРаЮРаЦ
­њЂй,73853,­њЂй,1207D,CUNEIFORM SIGN DU SHESHIG,РаЎРаЦ РајРаЊРаЉРајРаЊРаіРаЏ
­њЂЙ,73854,­њЂЙ,1207E,CUNEIFORM SIGN DUB,РаЎРаЦРаЃ
­њЂ┐,73855,­њЂ┐,1207F,CUNEIFORM SIGN DUB TIMES ESH2,РаЎРаЦРаЃРаљРадРаЉРајРаЊРа╝РаЃ
­њѓђ,73856,­њѓђ,12080,CUNEIFORM SIGN DUB2,РаЎРаЦРаЃРа╝РаЃ
­њѓЂ,73857,­њѓЂ,12081,CUNEIFORM SIGN DUG,РаЎРаЦРаЏ
­њѓѓ,73858,­њѓѓ,12082,CUNEIFORM SIGN DUGUD,РаЎРаЦРаЏРаЦРаЎ
­њѓЃ,73859,­њѓЃ,12083,CUNEIFORM SIGN DUH,РаЎРаЦРаЊ
­њѓё,73860,­њѓё,12084,CUNEIFORM SIGN DUN,РаЎРаЦРаЮ
­њѓЁ,73861,­њѓЁ,12085,CUNEIFORM SIGN DUN3,РаЎРаЦРаЮРа╝РаЅ
­њѓє,73862,­њѓє,12086,CUNEIFORM SIGN DUN3 GUNU,РаЎРаЦРаЮРа╝РаЅ РаЏРаЦРаЮРаЦ
­њѓЄ,73863,­њѓЄ,12087,CUNEIFORM SIGN DUN3 GUNU GUNU,РаЎРаЦРаЮРа╝РаЅ РаЏРаЦРаЮРаЦ РаЏРаЦРаЮРаЦ
­њѓѕ,73864,­њѓѕ,12088,CUNEIFORM SIGN DUN4,РаЎРаЦРаЮРа╝РаЎ
­њѓЅ,73865,­њѓЅ,12089,CUNEIFORM SIGN DUR2,РаЎРаЦРаЌРа╝РаЃ
­њѓі,73866,­њѓі,1208A,CUNEIFORM SIGN E,РаЉ
­њѓІ,73867,­њѓІ,1208B,CUNEIFORM SIGN E TIMES PAP,РаЉРаљРадРаЈРаЂРаЈ
­њѓї,73868,­њѓї,1208C,CUNEIFORM SIGN E OVER E NUN OVER NUN,РаЉРаљРаїРаЉ РаЮРаЦРаЮРаљРаїРаЮРаЦРаЮ
­њѓЇ,73869,­њѓЇ,1208D,CUNEIFORM SIGN E2,РаЉРа╝РаЃ
­њѓј,73870,­њѓј,1208E,CUNEIFORM SIGN E2 TIMES A PLUS HA PLUS DA,РаЉРа╝РаЃРаљРадРаЂРаљРаќРаЊРаЂРаљРаќРаЎРаЂ
­њѓЈ,73871,­њѓЈ,1208F,CUNEIFORM SIGN E2 TIMES GAR,РаЉРа╝РаЃРаљРадРаЏРаЂРаЌ
­њѓљ,73872,­њѓљ,12090,CUNEIFORM SIGN E2 TIMES MI,РаЉРа╝РаЃРаљРадРаЇРаі
­њѓЉ,73873,­њѓЉ,12091,CUNEIFORM SIGN E2 TIMES SAL,РаЉРа╝РаЃРаљРадРајРаЂРаЄ
­њѓњ,73874,­њѓњ,12092,CUNEIFORM SIGN E2 TIMES SHE,РаЉРа╝РаЃРаљРадРајРаЊРаЉ
­њѓЊ,73875,­њѓЊ,12093,CUNEIFORM SIGN E2 TIMES U,РаЉРа╝РаЃРаљРадРаЦ
­њѓћ,73876,­њѓћ,12094,CUNEIFORM SIGN EDIN,РаЉРаЎРаіРаЮ
­њѓЋ,73877,­њѓЋ,12095,CUNEIFORM SIGN EGIR,РаЉРаЏРаіРаЌ
­њѓќ,73878,­њѓќ,12096,CUNEIFORM SIGN EL,РаЉРаЄ
­њѓЌ,73879,­њѓЌ,12097,CUNEIFORM SIGN EN,РаЉРаЮ
­њѓў,73880,­њѓў,12098,CUNEIFORM SIGN EN TIMES GAN2,РаЉРаЮРаљРадРаЏРаЂРаЮРа╝РаЃ
­њѓЎ,73881,­њѓЎ,12099,CUNEIFORM SIGN EN TIMES GAN2 TENU,РаЉРаЮРаљРадРаЏРаЂРаЮРа╝РаЃ РаъРаЉРаЮРаЦ
­њѓџ,73882,­њѓџ,1209A,CUNEIFORM SIGN EN TIMES ME,РаЉРаЮРаљРадРаЇРаЉ
­њѓЏ,73883,­њѓЏ,1209B,CUNEIFORM SIGN EN CROSSING EN,РаЉРаЮРаѕРа»РаЉРаЮ
­њѓю,73884,­њѓю,1209C,CUNEIFORM SIGN EN OPPOSING EN,РаЉРаЮРаѕРајРаЉРаЮ
­њѓЮ,73885,­њѓЮ,1209D,CUNEIFORM SIGN EN SQUARED,РаЉРаЮРаћРа╝РаЃ
­њѓъ,73886,­њѓъ,1209E,CUNEIFORM SIGN EREN,РаЉРаЌРаЉРаЮ
­њѓЪ,73887,­њѓЪ,1209F,CUNEIFORM SIGN ERIN2,РаЉРаЌРаіРаЮРа╝РаЃ
­њѓа,73888,­њѓа,120A0,CUNEIFORM SIGN ESH2,РаЉРајРаЊРа╝РаЃ
­њѓА,73889,­њѓА,120A1,CUNEIFORM SIGN EZEN,РаЉРахРаЉРаЮ
­њѓб,73890,­њѓб,120A2,CUNEIFORM SIGN EZEN TIMES A,РаЉРахРаЉРаЮРаљРадРаЂ
­њѓБ,73891,­њѓБ,120A3,CUNEIFORM SIGN EZEN TIMES A PLUS LAL,РаЉРахРаЉРаЮРаљРадРаЂРаљРаќРаЄРаЂРаЄ
­њѓц,73892,­њѓц,120A4,CUNEIFORM SIGN EZEN TIMES A PLUS LAL TIMES LAL,РаЉРахРаЉРаЮРаљРадРаЂРаљРаќРаЄРаЂРаЄРаљРадРаЄРаЂРаЄ
­њѓЦ,73893,­њѓЦ,120A5,CUNEIFORM SIGN EZEN TIMES AN,РаЉРахРаЉРаЮРаљРадРаЂРаЮ
­њѓд,73894,­њѓд,120A6,CUNEIFORM SIGN EZEN TIMES BAD,РаЉРахРаЉРаЮРаљРадРаЃРаЂРаЎ
­њѓД,73895,­њѓД,120A7,CUNEIFORM SIGN EZEN TIMES DUN3 GUNU,РаЉРахРаЉРаЮРаљРадРаЎРаЦРаЮРа╝РаЅ РаЏРаЦРаЮРаЦ
­њѓе,73896,­њѓе,120A8,CUNEIFORM SIGN EZEN TIMES DUN3 GUNU GUNU,РаЉРахРаЉРаЮРаљРадРаЎРаЦРаЮРа╝РаЅ РаЏРаЦРаЮРаЦ РаЏРаЦРаЮРаЦ
­њѓЕ,73897,­њѓЕ,120A9,CUNEIFORM SIGN EZEN TIMES HA,РаЉРахРаЉРаЮРаљРадРаЊРаЂ
­њѓф,73898,­њѓф,120AA,CUNEIFORM SIGN EZEN TIMES HA GUNU,РаЉРахРаЉРаЮРаљРадРаЊРаЂ РаЏРаЦРаЮРаЦ
­њѓФ,73899,­њѓФ,120AB,CUNEIFORM SIGN EZEN TIMES IGI GUNU,РаЉРахРаЉРаЮРаљРадРаіРаЏРаі РаЏРаЦРаЮРаЦ
­њѓг,73900,­њѓг,120AC,CUNEIFORM SIGN EZEN TIMES KASKAL,РаЉРахРаЉРаЮРаљРадРаЁРаЂРајРаЁРаЂРаЄ
­њѓГ,73901,­њѓГ,120AD,CUNEIFORM SIGN EZEN TIMES KASKAL SQUARED,РаЉРахРаЉРаЮРаљРадРаЁРаЂРајРаЁРаЂРаЄРаћРа╝РаЃ
­њѓ«,73902,­њѓ«,120AE,CUNEIFORM SIGN EZEN TIMES KU3,РаЉРахРаЉРаЮРаљРадРаЁРаЦРа╝РаЅ
­њѓ»,73903,­њѓ»,120AF,CUNEIFORM SIGN EZEN TIMES LA,РаЉРахРаЉРаЮРаљРадРаЄРаЂ
­њѓ░,73904,­њѓ░,120B0,CUNEIFORM SIGN EZEN TIMES LAL TIMES LAL,РаЉРахРаЉРаЮРаљРадРаЄРаЂРаЄРаљРадРаЄРаЂРаЄ
­њѓ▒,73905,­њѓ▒,120B1,CUNEIFORM SIGN EZEN TIMES LI,РаЉРахРаЉРаЮРаљРадРаЄРаі
­њѓ▓,73906,­њѓ▓,120B2,CUNEIFORM SIGN EZEN TIMES LU,РаЉРахРаЉРаЮРаљРадРаЄРаЦ
­њѓ│,73907,­њѓ│,120B3,CUNEIFORM SIGN EZEN TIMES U2,РаЉРахРаЉРаЮРаљРадРаЦРа╝РаЃ
­њѓ┤,73908,­њѓ┤,120B4,CUNEIFORM SIGN EZEN TIMES UD,РаЉРахРаЉРаЮРаљРадРаЦРаЎ
­њѓх,73909,­њѓх,120B5,CUNEIFORM SIGN GA,РаЏРаЂ
­њѓХ,73910,­њѓХ,120B6,CUNEIFORM SIGN GA GUNU,РаЏРаЂ РаЏРаЦРаЮРаЦ
­њѓи,73911,­њѓи,120B7,CUNEIFORM SIGN GA2,РаЏРаЂРа╝РаЃ
­њѓИ,73912,­њѓИ,120B8,CUNEIFORM SIGN GA2 TIMES A PLUS DA PLUS HA,РаЏРаЂРа╝РаЃРаљРадРаЂРаљРаќРаЎРаЂРаљРаќРаЊРаЂ
­њѓ╣,73913,­њѓ╣,120B9,CUNEIFORM SIGN GA2 TIMES A PLUS HA,РаЏРаЂРа╝РаЃРаљРадРаЂРаљРаќРаЊРаЂ
­њѓ║,73914,­њѓ║,120BA,CUNEIFORM SIGN GA2 TIMES A PLUS IGI,РаЏРаЂРа╝РаЃРаљРадРаЂРаљРаќРаіРаЏРаі
­њѓ╗,73915,­њѓ╗,120BB,CUNEIFORM SIGN GA2 TIMES AB2 TENU PLUS TAB,РаЏРаЂРа╝РаЃРаљРадРаЂРаЃРа╝РаЃ РаъРаЉРаЮРаЦРаљРаќРаъРаЂРаЃ
­њѓ╝,73916,­њѓ╝,120BC,CUNEIFORM SIGN GA2 TIMES AN,РаЏРаЂРа╝РаЃРаљРадРаЂРаЮ
­њѓй,73917,­њѓй,120BD,CUNEIFORM SIGN GA2 TIMES ASH,РаЏРаЂРа╝РаЃРаљРадРаЂРајРаЊ
­њѓЙ,73918,­њѓЙ,120BE,CUNEIFORM SIGN GA2 TIMES ASH2 PLUS GAL,РаЏРаЂРа╝РаЃРаљРадРаЂРајРаЊРа╝РаЃРаљРаќРаЏРаЂРаЄ
­њѓ┐,73919,­њѓ┐,120BF,CUNEIFORM SIGN GA2 TIMES BAD,РаЏРаЂРа╝РаЃРаљРадРаЃРаЂРаЎ
­њЃђ,73920,­њЃђ,120C0,CUNEIFORM SIGN GA2 TIMES BAR PLUS RA,РаЏРаЂРа╝РаЃРаљРадРаЃРаЂРаЌРаљРаќРаЌРаЂ
­њЃЂ,73921,­њЃЂ,120C1,CUNEIFORM SIGN GA2 TIMES BUR,РаЏРаЂРа╝РаЃРаљРадРаЃРаЦРаЌ
­њЃѓ,73922,­њЃѓ,120C2,CUNEIFORM SIGN GA2 TIMES BUR PLUS RA,РаЏРаЂРа╝РаЃРаљРадРаЃРаЦРаЌРаљРаќРаЌРаЂ
­њЃЃ,73923,­њЃЃ,120C3,CUNEIFORM SIGN GA2 TIMES DA,РаЏРаЂРа╝РаЃРаљРадРаЎРаЂ
­њЃё,73924,­њЃё,120C4,CUNEIFORM SIGN GA2 TIMES DI,РаЏРаЂРа╝РаЃРаљРадРаЎРаі
­њЃЁ,73925,­њЃЁ,120C5,CUNEIFORM SIGN GA2 TIMES DIM TIMES SHE,РаЏРаЂРа╝РаЃРаљРадРаЎРаіРаЇРаљРадРајРаЊРаЉ
­њЃє,73926,­њЃє,120C6,CUNEIFORM SIGN GA2 TIMES DUB,РаЏРаЂРа╝РаЃРаљРадРаЎРаЦРаЃ
­њЃЄ,73927,­њЃЄ,120C7,CUNEIFORM SIGN GA2 TIMES EL,РаЏРаЂРа╝РаЃРаљРадРаЉРаЄ
­њЃѕ,73928,­њЃѕ,120C8,CUNEIFORM SIGN GA2 TIMES EL PLUS LA,РаЏРаЂРа╝РаЃРаљРадРаЉРаЄРаљРаќРаЄРаЂ
­њЃЅ,73929,­њЃЅ,120C9,CUNEIFORM SIGN GA2 TIMES EN,РаЏРаЂРа╝РаЃРаљРадРаЉРаЮ
­њЃі,73930,­њЃі,120CA,CUNEIFORM SIGN GA2 TIMES EN TIMES GAN2 TENU,РаЏРаЂРа╝РаЃРаљРадРаЉРаЮРаљРадРаЏРаЂРаЮРа╝РаЃ РаъРаЉРаЮРаЦ
­њЃІ,73931,­њЃІ,120CB,CUNEIFORM SIGN GA2 TIMES GAN2 TENU,РаЏРаЂРа╝РаЃРаљРадРаЏРаЂРаЮРа╝РаЃ РаъРаЉРаЮРаЦ
­њЃї,73932,­њЃї,120CC,CUNEIFORM SIGN GA2 TIMES GAR,РаЏРаЂРа╝РаЃРаљРадРаЏРаЂРаЌ
­њЃЇ,73933,­њЃЇ,120CD,CUNEIFORM SIGN GA2 TIMES GI,РаЏРаЂРа╝РаЃРаљРадРаЏРаі
­њЃј,73934,­њЃј,120CE,CUNEIFORM SIGN GA2 TIMES GI4,РаЏРаЂРа╝РаЃРаљРадРаЏРаіРа╝РаЎ
­њЃЈ,73935,­њЃЈ,120CF,CUNEIFORM SIGN GA2 TIMES GI4 PLUS A,РаЏРаЂРа╝РаЃРаљРадРаЏРаіРа╝РаЎРаљРаќРаЂ
­њЃљ,73936,­њЃљ,120D0,CUNEIFORM SIGN GA2 TIMES GIR2 PLUS SU,РаЏРаЂРа╝РаЃРаљРадРаЏРаіРаЌРа╝РаЃРаљРаќРајРаЦ
­њЃЉ,73937,­њЃЉ,120D1,CUNEIFORM SIGN GA2 TIMES HA PLUS LU PLUS ESH2,РаЏРаЂРа╝РаЃРаљРадРаЊРаЂРаљРаќРаЄРаЦРаљРаќРаЉРајРаЊРа╝РаЃ
­њЃњ,73938,­њЃњ,120D2,CUNEIFORM SIGN GA2 TIMES HAL,РаЏРаЂРа╝РаЃРаљРадРаЊРаЂРаЄ
­њЃЊ,73939,­њЃЊ,120D3,CUNEIFORM SIGN GA2 TIMES HAL PLUS LA,РаЏРаЂРа╝РаЃРаљРадРаЊРаЂРаЄРаљРаќРаЄРаЂ
­њЃћ,73940,­њЃћ,120D4,CUNEIFORM SIGN GA2 TIMES HI PLUS LI,РаЏРаЂРа╝РаЃРаљРадРаЊРаіРаљРаќРаЄРаі
­њЃЋ,73941,­њЃЋ,120D5,CUNEIFORM SIGN GA2 TIMES HUB2,РаЏРаЂРа╝РаЃРаљРадРаЊРаЦРаЃРа╝РаЃ
­њЃќ,73942,­њЃќ,120D6,CUNEIFORM SIGN GA2 TIMES IGI GUNU,РаЏРаЂРа╝РаЃРаљРадРаіРаЏРаі РаЏРаЦРаЮРаЦ
­њЃЌ,73943,­њЃЌ,120D7,CUNEIFORM SIGN GA2 TIMES ISH PLUS HU PLUS ASH,РаЏРаЂРа╝РаЃРаљРадРаіРајРаЊРаљРаќРаЊРаЦРаљРаќРаЂРајРаЊ
­њЃў,73944,­њЃў,120D8,CUNEIFORM SIGN GA2 TIMES KAK,РаЏРаЂРа╝РаЃРаљРадРаЁРаЂРаЁ
­њЃЎ,73945,­њЃЎ,120D9,CUNEIFORM SIGN GA2 TIMES KASKAL,РаЏРаЂРа╝РаЃРаљРадРаЁРаЂРајРаЁРаЂРаЄ
­њЃџ,73946,­њЃџ,120DA,CUNEIFORM SIGN GA2 TIMES KID,РаЏРаЂРа╝РаЃРаљРадРаЁРаіРаЎ
­њЃЏ,73947,­њЃЏ,120DB,CUNEIFORM SIGN GA2 TIMES KID PLUS LAL,РаЏРаЂРа╝РаЃРаљРадРаЁРаіРаЎРаљРаќРаЄРаЂРаЄ
­њЃю,73948,­њЃю,120DC,CUNEIFORM SIGN GA2 TIMES KU3 PLUS AN,РаЏРаЂРа╝РаЃРаљРадРаЁРаЦРа╝РаЅРаљРаќРаЂРаЮ
­њЃЮ,73949,­њЃЮ,120DD,CUNEIFORM SIGN GA2 TIMES LA,РаЏРаЂРа╝РаЃРаљРадРаЄРаЂ
­њЃъ,73950,­њЃъ,120DE,CUNEIFORM SIGN GA2 TIMES ME PLUS EN,РаЏРаЂРа╝РаЃРаљРадРаЇРаЉРаљРаќРаЉРаЮ
­њЃЪ,73951,­њЃЪ,120DF,CUNEIFORM SIGN GA2 TIMES MI,РаЏРаЂРа╝РаЃРаљРадРаЇРаі
­њЃа,73952,­њЃа,120,CUNEIFORM SIGN GA2 TIMES NUN,РаЏРаЂРа╝РаЃРаљРадРаЮРаЦРаЮ
­њЃА,73953,­њЃА,1200,CUNEIFORM SIGN GA2 TIMES NUN OVER NUN,РаЏРаЂРа╝РаЃРаљРадРаЮРаЦРаЮРаљРаїРаЮРаЦРаЮ
­њЃб,73954,­њЃб,12000,CUNEIFORM SIGN GA2 TIMES PA,РаЏРаЂРа╝РаЃРаљРадРаЈРаЂ
­њЃБ,73955,­њЃБ,120000,CUNEIFORM SIGN GA2 TIMES SAL,РаЏРаЂРа╝РаЃРаљРадРајРаЂРаЄ
­њЃц,73956,­њЃц,1200000,CUNEIFORM SIGN GA2 TIMES SAR,РаЏРаЂРа╝РаЃРаљРадРајРаЂРаЌ
­њЃЦ,73957,­њЃЦ,12000000,CUNEIFORM SIGN GA2 TIMES SHE,РаЏРаЂРа╝РаЃРаљРадРајРаЊРаЉ
­њЃд,73958,­њЃд,120000000,CUNEIFORM SIGN GA2 TIMES SHE PLUS TUR,РаЏРаЂРа╝РаЃРаљРадРајРаЊРаЉРаљРаќРаъРаЦРаЌ
­њЃД,73959,­њЃД,1200000000,CUNEIFORM SIGN GA2 TIMES SHID,РаЏРаЂРа╝РаЃРаљРадРајРаЊРаіРаЎ
­њЃе,73960,­њЃе,12000000000,CUNEIFORM SIGN GA2 TIMES SUM,РаЏРаЂРа╝РаЃРаљРадРајРаЦРаЇ
­њЃЕ,73961,­њЃЕ,120000000000,CUNEIFORM SIGN GA2 TIMES TAK4,РаЏРаЂРа╝РаЃРаљРадРаъРаЂРаЁРа╝РаЎ
­њЃф,73962,­њЃф,120EA,CUNEIFORM SIGN GA2 TIMES U,РаЏРаЂРа╝РаЃРаљРадРаЦ
­њЃФ,73963,­њЃФ,120EB,CUNEIFORM SIGN GA2 TIMES UD,РаЏРаЂРа╝РаЃРаљРадРаЦРаЎ
­њЃг,73964,­њЃг,120EC,CUNEIFORM SIGN GA2 TIMES UD PLUS DU,РаЏРаЂРа╝РаЃРаљРадРаЦРаЎРаљРаќРаЎРаЦ
­њЃГ,73965,­њЃГ,120ED,CUNEIFORM SIGN GA2 OVER GA2,РаЏРаЂРа╝РаЃРаљРаїРаЏРаЂРа╝РаЃ
­њЃ«,73966,­њЃ«,120EE,CUNEIFORM SIGN GABA,РаЏРаЂРаЃРаЂ
­њЃ»,73967,­њЃ»,120EF,CUNEIFORM SIGN GABA CROSSING GABA,РаЏРаЂРаЃРаЂРаѕРа»РаЏРаЂРаЃРаЂ
­њЃ░,73968,­њЃ░,120F0,CUNEIFORM SIGN GAD,РаЏРаЂРаЎ
­њЃ▒,73969,­њЃ▒,120F1,CUNEIFORM SIGN GAD OVER GAD GAR OVER GAR,РаЏРаЂРаЎРаљРаїРаЏРаЂРаЎ РаЏРаЂРаЌРаљРаїРаЏРаЂРаЌ
­њЃ▓,73970,­њЃ▓,120F2,CUNEIFORM SIGN GAL,РаЏРаЂРаЄ
­њЃ│,73971,­њЃ│,120F3,CUNEIFORM SIGN GAL GAD OVER GAD GAR OVER GAR,РаЏРаЂРаЄ РаЏРаЂРаЎРаљРаїРаЏРаЂРаЎ РаЏРаЂРаЌРаљРаїРаЏРаЂРаЌ
­њЃ┤,73972,­њЃ┤,120F4,CUNEIFORM SIGN GALAM,РаЏРаЂРаЄРаЂРаЇ
­њЃх,73973,­њЃх,120F5,CUNEIFORM SIGN GAM,РаЏРаЂРаЇ
­њЃХ,73974,­њЃХ,120F6,CUNEIFORM SIGN GAN,РаЏРаЂРаЮ
­њЃи,73975,­њЃи,120F7,CUNEIFORM SIGN GAN2,РаЏРаЂРаЮРа╝РаЃ
­њЃИ,73976,­њЃИ,120F8,CUNEIFORM SIGN GAN2 TENU,РаЏРаЂРаЮРа╝РаЃ РаъРаЉРаЮРаЦ
­њЃ╣,73977,­њЃ╣,120F9,CUNEIFORM SIGN GAN2 OVER GAN2,РаЏРаЂРаЮРа╝РаЃРаљРаїРаЏРаЂРаЮРа╝РаЃ
­њЃ║,73978,­њЃ║,120FA,CUNEIFORM SIGN GAN2 CROSSING GAN2,РаЏРаЂРаЮРа╝РаЃРаѕРа»РаЏРаЂРаЮРа╝РаЃ
­њЃ╗,73979,­њЃ╗,120FB,CUNEIFORM SIGN GAR,РаЏРаЂРаЌ
­њЃ╝,73980,­њЃ╝,120FC,CUNEIFORM SIGN GAR3,РаЏРаЂРаЌРа╝РаЅ
­њЃй,73981,­њЃй,120FD,CUNEIFORM SIGN GASHAN,РаЏРаЂРајРаЊРаЂРаЮ
­њЃЙ,73982,­њЃЙ,120FE,CUNEIFORM SIGN GESHTIN,РаЏРаЉРајРаЊРаъРаіРаЮ
­њЃ┐,73983,­њЃ┐,120FF,CUNEIFORM SIGN GESHTIN TIMES KUR,РаЏРаЉРајРаЊРаъРаіРаЮРаљРадРаЁРаЦРаЌ
­њёђ,73984,­њёђ,12100,CUNEIFORM SIGN GI,РаЏРаі
­њёЂ,73985,­њёЂ,12101,CUNEIFORM SIGN GI TIMES E,РаЏРаіРаљРадРаЉ
­њёѓ,73986,­њёѓ,12102,CUNEIFORM SIGN GI TIMES U,РаЏРаіРаљРадРаЦ
­њёЃ,73987,­њёЃ,12103,CUNEIFORM SIGN GI CROSSING GI,РаЏРаіРаѕРа»РаЏРаі
­њёё,73988,­њёё,12104,CUNEIFORM SIGN GI4,РаЏРаіРа╝РаЎ
­њёЁ,73989,­њёЁ,12105,CUNEIFORM SIGN GI4 OVER GI4,РаЏРаіРа╝РаЎРаљРаїРаЏРаіРа╝РаЎ
­њёє,73990,­њёє,12106,CUNEIFORM SIGN GI4 CROSSING GI4,РаЏРаіРа╝РаЎРаѕРа»РаЏРаіРа╝РаЎ
­њёЄ,73991,­њёЄ,12107,CUNEIFORM SIGN GIDIM,РаЏРаіРаЎРаіРаЇ
­њёѕ,73992,­њёѕ,12108,CUNEIFORM SIGN GIR2,РаЏРаіРаЌРа╝РаЃ
­њёЅ,73993,­њёЅ,12109,CUNEIFORM SIGN GIR2 GUNU,РаЏРаіРаЌРа╝РаЃ РаЏРаЦРаЮРаЦ
­њёі,73994,­њёі,1210A,CUNEIFORM SIGN GIR3,РаЏРаіРаЌРа╝РаЅ
­њёІ,73995,­њёІ,1210B,CUNEIFORM SIGN GIR3 TIMES A PLUS IGI,РаЏРаіРаЌРа╝РаЅРаљРадРаЂРаљРаќРаіРаЏРаі
­њёї,73996,­њёї,1210C,CUNEIFORM SIGN GIR3 TIMES GAN2 TENU,РаЏРаіРаЌРа╝РаЅРаљРадРаЏРаЂРаЮРа╝РаЃ РаъРаЉРаЮРаЦ
­њёЇ,73997,­њёЇ,1210D,CUNEIFORM SIGN GIR3 TIMES IGI,РаЏРаіРаЌРа╝РаЅРаљРадРаіРаЏРаі
­њёј,73998,­њёј,1210E,CUNEIFORM SIGN GIR3 TIMES LU PLUS IGI,РаЏРаіРаЌРа╝РаЅРаљРадРаЄРаЦРаљРаќРаіРаЏРаі
­њёЈ,73999,­њёЈ,1210F,CUNEIFORM SIGN GIR3 TIMES PA,РаЏРаіРаЌРа╝РаЅРаљРадРаЈРаЂ
­њёљ,74000,­њёљ,12110,CUNEIFORM SIGN GISAL,РаЏРаіРајРаЂРаЄ
­њёЉ,74001,­њёЉ,12111,CUNEIFORM SIGN GISH,РаЏРаіРајРаЊ
­њёњ,74002,­њёњ,12112,CUNEIFORM SIGN GISH CROSSING GISH,РаЏРаіРајРаЊРаѕРа»РаЏРаіРајРаЊ
­њёЊ,74003,­њёЊ,12113,CUNEIFORM SIGN GISH TIMES BAD,РаЏРаіРајРаЊРаљРадРаЃРаЂРаЎ
­њёћ,74004,­њёћ,12114,CUNEIFORM SIGN GISH TIMES TAK4,РаЏРаіРајРаЊРаљРадРаъРаЂРаЁРа╝РаЎ
­њёЋ,74005,­њёЋ,12115,CUNEIFORM SIGN GISH TENU,РаЏРаіРајРаЊ РаъРаЉРаЮРаЦ
­њёќ,74006,­њёќ,12116,CUNEIFORM SIGN GU,РаЏРаЦ
­њёЌ,74007,­њёЌ,12117,CUNEIFORM SIGN GU CROSSING GU,РаЏРаЦРаѕРа»РаЏРаЦ
­њёў,74008,­њёў,12118,CUNEIFORM SIGN GU2,РаЏРаЦРа╝РаЃ
­њёЎ,74009,­њёЎ,12119,CUNEIFORM SIGN GU2 TIMES KAK,РаЏРаЦРа╝РаЃРаљРадРаЁРаЂРаЁ
­њёџ,74010,­њёџ,1211A,CUNEIFORM SIGN GU2 TIMES KAK TIMES IGI GUNU,РаЏРаЦРа╝РаЃРаљРадРаЁРаЂРаЁРаљРадРаіРаЏРаі РаЏРаЦРаЮРаЦ
­њёЏ,74011,­њёЏ,1211B,CUNEIFORM SIGN GU2 TIMES NUN,РаЏРаЦРа╝РаЃРаљРадРаЮРаЦРаЮ
­њёю,74012,­њёю,1211C,CUNEIFORM SIGN GU2 TIMES SAL PLUS TUG2,РаЏРаЦРа╝РаЃРаљРадРајРаЂРаЄРаљРаќРаъРаЦРаЏРа╝РаЃ
­њёЮ,74013,­њёЮ,1211D,CUNEIFORM SIGN GU2 GUNU,РаЏРаЦРа╝РаЃ РаЏРаЦРаЮРаЦ
­њёъ,74014,­њёъ,1211E,CUNEIFORM SIGN GUD,РаЏРаЦРаЎ
­њёЪ,74015,­њёЪ,1211F,CUNEIFORM SIGN GUD TIMES A PLUS KUR,РаЏРаЦРаЎРаљРадРаЂРаљРаќРаЁРаЦРаЌ
­њёа,74016,­њёа,12120,CUNEIFORM SIGN GUD TIMES KUR,РаЏРаЦРаЎРаљРадРаЁРаЦРаЌ
­њёА,74017,­њёА,12121,CUNEIFORM SIGN GUD OVER GUD LUGAL,РаЏРаЦРаЎРаљРаїРаЏРаЦРаЎ РаЄРаЦРаЏРаЂРаЄ
­њёб,74018,­њёб,12122,CUNEIFORM SIGN GUL,РаЏРаЦРаЄ
­њёБ,74019,­њёБ,12123,CUNEIFORM SIGN GUM,РаЏРаЦРаЇ
­њёц,74020,­њёц,12124,CUNEIFORM SIGN GUM TIMES SHE,РаЏРаЦРаЇРаљРадРајРаЊРаЉ
­њёЦ,74021,­њёЦ,12125,CUNEIFORM SIGN GUR,РаЏРаЦРаЌ
­њёд,74022,­њёд,12126,CUNEIFORM SIGN GUR7,РаЏРаЦРаЌРа╝РаЏ
­њёД,74023,­њёД,12127,CUNEIFORM SIGN GURUN,РаЏРаЦРаЌРаЦРаЮ
­њёе,74024,­њёе,12128,CUNEIFORM SIGN GURUSH,РаЏРаЦРаЌРаЦРајРаЊ
­њёЕ,74025,­њёЕ,12129,CUNEIFORM SIGN HA,РаЊРаЂ
­њёф,74026,­њёф,1212A,CUNEIFORM SIGN HA TENU,РаЊРаЂ РаъРаЉРаЮРаЦ
­њёФ,74027,­њёФ,1212B,CUNEIFORM SIGN HA GUNU,РаЊРаЂ РаЏРаЦРаЮРаЦ
­њёг,74028,­њёг,1212C,CUNEIFORM SIGN HAL,РаЊРаЂРаЄ
­њёГ,74029,­њёГ,1212D,CUNEIFORM SIGN HI,РаЊРаі
­њё«,74030,­њё«,1212E,CUNEIFORM SIGN HI TIMES ASH,РаЊРаіРаљРадРаЂРајРаЊ
­њё»,74031,­њё»,1212F,CUNEIFORM SIGN HI TIMES ASH2,РаЊРаіРаљРадРаЂРајРаЊРа╝РаЃ
­њё░,74032,­њё░,12130,CUNEIFORM SIGN HI TIMES BAD,РаЊРаіРаљРадРаЃРаЂРаЎ
­њё▒,74033,­њё▒,12131,CUNEIFORM SIGN HI TIMES DISH,РаЊРаіРаљРадРаЎРаіРајРаЊ
­њё▓,74034,­њё▓,12132,CUNEIFORM SIGN HI TIMES GAD,РаЊРаіРаљРадРаЏРаЂРаЎ
­њё│,74035,­њё│,12133,CUNEIFORM SIGN HI TIMES KIN,РаЊРаіРаљРадРаЁРаіРаЮ
­њё┤,74036,­њё┤,12134,CUNEIFORM SIGN HI TIMES NUN,РаЊРаіРаљРадРаЮРаЦРаЮ
­њёх,74037,­њёх,12135,CUNEIFORM SIGN HI TIMES SHE,РаЊРаіРаљРадРајРаЊРаЉ
­њёХ,74038,­њёХ,12136,CUNEIFORM SIGN HI TIMES U,РаЊРаіРаљРадРаЦ
­њёи,74039,­њёи,12137,CUNEIFORM SIGN HU,РаЊРаЦ
­њёИ,74040,­њёИ,12138,CUNEIFORM SIGN HUB2,РаЊРаЦРаЃРа╝РаЃ
­њё╣,74041,­њё╣,12139,CUNEIFORM SIGN HUB2 TIMES AN,РаЊРаЦРаЃРа╝РаЃРаљРадРаЂРаЮ
­њё║,74042,­њё║,1213A,CUNEIFORM SIGN HUB2 TIMES HAL,РаЊРаЦРаЃРа╝РаЃРаљРадРаЊРаЂРаЄ
­њё╗,74043,­њё╗,1213B,CUNEIFORM SIGN HUB2 TIMES KASKAL,РаЊРаЦРаЃРа╝РаЃРаљРадРаЁРаЂРајРаЁРаЂРаЄ
­њё╝,74044,­њё╝,1213C,CUNEIFORM SIGN HUB2 TIMES LISH,РаЊРаЦРаЃРа╝РаЃРаљРадРаЄРаіРајРаЊ
­њёй,74045,­њёй,1213D,CUNEIFORM SIGN HUB2 TIMES UD,РаЊРаЦРаЃРа╝РаЃРаљРадРаЦРаЎ
­њёЙ,74046,­њёЙ,1213E,CUNEIFORM SIGN HUL2,РаЊРаЦРаЄРа╝РаЃ
­њё┐,74047,­њё┐,1213F,CUNEIFORM SIGN I,Раі
­њЁђ,74048,­њЁђ,12140,CUNEIFORM SIGN I A,Раі РаЂ
­њЁЂ,74049,­њЁЂ,12141,CUNEIFORM SIGN IB,РаіРаЃ
­њЁѓ,74050,­њЁѓ,12142,CUNEIFORM SIGN IDIM,РаіРаЎРаіРаЇ
­њЁЃ,74051,­њЁЃ,12143,CUNEIFORM SIGN IDIM OVER IDIM BUR,РаіРаЎРаіРаЇРаљРаїРаіРаЎРаіРаЇ РаЃРаЦРаЌ
­њЁё,74052,­њЁё,12144,CUNEIFORM SIGN IDIM OVER IDIM SQUARED,РаіРаЎРаіРаЇРаљРаїРаіРаЎРаіРаЇРаћРа╝РаЃ
­њЁЁ,74053,­њЁЁ,12145,CUNEIFORM SIGN IG,РаіРаЏ
­њЁє,74054,­њЁє,12146,CUNEIFORM SIGN IGI,РаіРаЏРаі
­њЁЄ,74055,­њЁЄ,12147,CUNEIFORM SIGN IGI DIB,РаіРаЏРаі РаЎРаіРаЃ
­њЁѕ,74056,­њЁѕ,12148,CUNEIFORM SIGN IGI RI,РаіРаЏРаі РаЌРаі
­њЁЅ,74057,­њЁЅ,12149,CUNEIFORM SIGN IGI OVER IGI SHIR OVER SHIR UD OVER UD,РаіРаЏРаіРаљРаїРаіРаЏРаі РајРаЊРаіРаЌРаљРаїРајРаЊРаіРаЌ РаЦРаЎРаљРаїРаЦРаЎ
­њЁі,74058,­њЁі,1214A,CUNEIFORM SIGN IGI GUNU,РаіРаЏРаі РаЏРаЦРаЮРаЦ
­њЁІ,74059,­њЁІ,1214B,CUNEIFORM SIGN IL,РаіРаЄ
­њЁї,74060,­њЁї,1214C,CUNEIFORM SIGN IL TIMES GAN2 TENU,РаіРаЄРаљРадРаЏРаЂРаЮРа╝РаЃ РаъРаЉРаЮРаЦ
­њЁЇ,74061,­њЁЇ,1214D,CUNEIFORM SIGN IL2,РаіРаЄРа╝РаЃ
­њЁј,74062,­њЁј,1214E,CUNEIFORM SIGN IM,РаіРаЇ
­њЁЈ,74063,­њЁЈ,1214F,CUNEIFORM SIGN IM TIMES TAK4,РаіРаЇРаљРадРаъРаЂРаЁРа╝РаЎ
­њЁљ,74064,­њЁљ,12150,CUNEIFORM SIGN IM CROSSING IM,РаіРаЇРаѕРа»РаіРаЇ
­њЁЉ,74065,­њЁЉ,12151,CUNEIFORM SIGN IM OPPOSING IM,РаіРаЇРаѕРајРаіРаЇ
­њЁњ,74066,­њЁњ,12152,CUNEIFORM SIGN IM SQUARED,РаіРаЇРаћРа╝РаЃ
­њЁЊ,74067,­њЁЊ,12153,CUNEIFORM SIGN IMIN,РаіРаЇРаіРаЮ
­њЁћ,74068,­њЁћ,12154,CUNEIFORM SIGN IN,РаіРаЮ
­њЁЋ,74069,­њЁЋ,12155,CUNEIFORM SIGN IR,РаіРаЌ
­њЁќ,74070,­њЁќ,12156,CUNEIFORM SIGN ISH,РаіРајРаЊ
­њЁЌ,74071,­њЁЌ,12157,CUNEIFORM SIGN KA,РаЁРаЂ
­њЁў,74072,­њЁў,12158,CUNEIFORM SIGN KA TIMES A,РаЁРаЂРаљРадРаЂ
­њЁЎ,74073,­њЁЎ,12159,CUNEIFORM SIGN KA TIMES AD,РаЁРаЂРаљРадРаЂРаЎ
­њЁџ,74074,­њЁџ,1215A,CUNEIFORM SIGN KA TIMES AD PLUS KU3,РаЁРаЂРаљРадРаЂРаЎРаљРаќРаЁРаЦРа╝РаЅ
­њЁЏ,74075,­њЁЏ,1215B,CUNEIFORM SIGN KA TIMES ASH2,РаЁРаЂРаљРадРаЂРајРаЊРа╝РаЃ
­њЁю,74076,­њЁю,1215C,CUNEIFORM SIGN KA TIMES BAD,РаЁРаЂРаљРадРаЃРаЂРаЎ
­њЁЮ,74077,­њЁЮ,1215D,CUNEIFORM SIGN KA TIMES BALAG,РаЁРаЂРаљРадРаЃРаЂРаЄРаЂРаЏ
­њЁъ,74078,­њЁъ,1215E,CUNEIFORM SIGN KA TIMES BAR,РаЁРаЂРаљРадРаЃРаЂРаЌ
­њЁЪ,74079,­њЁЪ,1215F,CUNEIFORM SIGN KA TIMES BI,РаЁРаЂРаљРадРаЃРаі
­њЁа,74080,­њЁа,12160,CUNEIFORM SIGN KA TIMES ERIN2,РаЁРаЂРаљРадРаЉРаЌРаіРаЮРа╝РаЃ
­њЁА,74081,­њЁА,12161,CUNEIFORM SIGN KA TIMES ESH2,РаЁРаЂРаљРадРаЉРајРаЊРа╝РаЃ
­њЁб,74082,­њЁб,12162,CUNEIFORM SIGN KA TIMES GA,РаЁРаЂРаљРадРаЏРаЂ
­њЁБ,74083,­њЁБ,12163,CUNEIFORM SIGN KA TIMES GAL,РаЁРаЂРаљРадРаЏРаЂРаЄ
­њЁц,74084,­њЁц,12164,CUNEIFORM SIGN KA TIMES GAN2 TENU,РаЁРаЂРаљРадРаЏРаЂРаЮРа╝РаЃ РаъРаЉРаЮРаЦ
­њЁЦ,74085,­њЁЦ,12165,CUNEIFORM SIGN KA TIMES GAR,РаЁРаЂРаљРадРаЏРаЂРаЌ
­њЁд,74086,­њЁд,12166,CUNEIFORM SIGN KA TIMES GAR PLUS SHA3 PLUS A,РаЁРаЂРаљРадРаЏРаЂРаЌРаљРаќРајРаЊРаЂРа╝РаЅРаљРаќРаЂ
­њЁД,74087,­њЁД,12167,CUNEIFORM SIGN KA TIMES GI,РаЁРаЂРаљРадРаЏРаі
­њЁе,74088,­њЁе,12168,CUNEIFORM SIGN KA TIMES GIR2,РаЁРаЂРаљРадРаЏРаіРаЌРа╝РаЃ
­њЁЕ,74089,­њЁЕ,12169,CUNEIFORM SIGN KA TIMES GISH PLUS SAR,РаЁРаЂРаљРадРаЏРаіРајРаЊРаљРаќРајРаЂРаЌ
­њЁф,74090,­њЁф,1216A,CUNEIFORM SIGN KA TIMES GISH CROSSING GISH,РаЁРаЂРаљРадРаЏРаіРајРаЊРаѕРа»РаЏРаіРајРаЊ
­њЁФ,74091,­њЁФ,1216B,CUNEIFORM SIGN KA TIMES GU,РаЁРаЂРаљРадРаЏРаЦ
­њЁг,74092,­њЁг,1216C,CUNEIFORM SIGN KA TIMES GUR7,РаЁРаЂРаљРадРаЏРаЦРаЌРа╝РаЏ
­њЁГ,74093,­њЁГ,1216D,CUNEIFORM SIGN KA TIMES IGI,РаЁРаЂРаљРадРаіРаЏРаі
­њЁ«,74094,­њЁ«,1216E,CUNEIFORM SIGN KA TIMES IM,РаЁРаЂРаљРадРаіРаЇ
­њЁ»,74095,­њЁ»,1216F,CUNEIFORM SIGN KA TIMES KAK,РаЁРаЂРаљРадРаЁРаЂРаЁ
­њЁ░,74096,­њЁ░,12170,CUNEIFORM SIGN KA TIMES KI,РаЁРаЂРаљРадРаЁРаі
­њЁ▒,74097,­њЁ▒,12171,CUNEIFORM SIGN KA TIMES KID,РаЁРаЂРаљРадРаЁРаіРаЎ
­њЁ▓,74098,­њЁ▓,12172,CUNEIFORM SIGN KA TIMES LI,РаЁРаЂРаљРадРаЄРаі
­њЁ│,74099,­њЁ│,12173,CUNEIFORM SIGN KA TIMES LU,РаЁРаЂРаљРадРаЄРаЦ
­њЁ┤,74100,­њЁ┤,12174,CUNEIFORM SIGN KA TIMES ME,РаЁРаЂРаљРадРаЇРаЉ
­њЁх,74101,­њЁх,12175,CUNEIFORM SIGN KA TIMES ME PLUS DU,РаЁРаЂРаљРадРаЇРаЉРаљРаќРаЎРаЦ
­њЁХ,74102,­њЁХ,12176,CUNEIFORM SIGN KA TIMES ME PLUS GI,РаЁРаЂРаљРадРаЇРаЉРаљРаќРаЏРаі
­њЁи,74103,­њЁи,12177,CUNEIFORM SIGN KA TIMES ME PLUS TE,РаЁРаЂРаљРадРаЇРаЉРаљРаќРаъРаЉ
­њЁИ,74104,­њЁИ,12178,CUNEIFORM SIGN KA TIMES MI,РаЁРаЂРаљРадРаЇРаі
­њЁ╣,74105,­њЁ╣,12179,CUNEIFORM SIGN KA TIMES MI PLUS NUNUZ,РаЁРаЂРаљРадРаЇРаіРаљРаќРаЮРаЦРаЮРаЦ
­њЁ║,74106,­њЁ║,1217A,CUNEIFORM SIGN KA TIMES NE,РаЁРаЂРаљРадРаЮРаЉ
­њЁ╗,74107,­њЁ╗,1217B,CUNEIFORM SIGN KA TIMES NUN,РаЁРаЂРаљРадРаЮРаЦРаЮ
­њЁ╝,74108,­њЁ╝,1217C,CUNEIFORM SIGN KA TIMES PI,РаЁРаЂРаљРадРаЈРаі
­њЁй,74109,­њЁй,1217D,CUNEIFORM SIGN KA TIMES RU,РаЁРаЂРаљРадРаЌРаЦ
­њЁЙ,74110,­њЁЙ,1217E,CUNEIFORM SIGN KA TIMES SA,РаЁРаЂРаљРадРајРаЂ
­њЁ┐,74111,­њЁ┐,1217F,CUNEIFORM SIGN KA TIMES SAR,РаЁРаЂРаљРадРајРаЂРаЌ
­њєђ,74112,­њєђ,12180,CUNEIFORM SIGN KA TIMES SHA,РаЁРаЂРаљРадРајРаЊРаЂ
­њєЂ,74113,­њєЂ,12181,CUNEIFORM SIGN KA TIMES SHE,РаЁРаЂРаљРадРајРаЊРаЉ
­њєѓ,74114,­њєѓ,12182,CUNEIFORM SIGN KA TIMES SHID,РаЁРаЂРаљРадРајРаЊРаіРаЎ
­њєЃ,74115,­њєЃ,12183,CUNEIFORM SIGN KA TIMES SHU,РаЁРаЂРаљРадРајРаЊРаЦ
­њєё,74116,­њєё,12184,CUNEIFORM SIGN KA TIMES SIG,РаЁРаЂРаљРадРајРаіРаЏ
­њєЁ,74117,­њєЁ,12185,CUNEIFORM SIGN KA TIMES SUHUR,РаЁРаЂРаљРадРајРаЦРаЊРаЦРаЌ
­њєє,74118,­њєє,12186,CUNEIFORM SIGN KA TIMES TAR,РаЁРаЂРаљРадРаъРаЂРаЌ
­њєЄ,74119,­њєЄ,12187,CUNEIFORM SIGN KA TIMES U,РаЁРаЂРаљРадРаЦ
­њєѕ,74120,­њєѕ,12188,CUNEIFORM SIGN KA TIMES U2,РаЁРаЂРаљРадРаЦРа╝РаЃ
­њєЅ,74121,­њєЅ,12189,CUNEIFORM SIGN KA TIMES UD,РаЁРаЂРаљРадРаЦРаЎ
­њєі,74122,­њєі,1218A,CUNEIFORM SIGN KA TIMES UMUM TIMES PA,РаЁРаЂРаљРадРаЦРаЇРаЦРаЇРаљРадРаЈРаЂ
­њєІ,74123,­њєІ,1218B,CUNEIFORM SIGN KA TIMES USH,РаЁРаЂРаљРадРаЦРајРаЊ
­њєї,74124,­њєї,1218C,CUNEIFORM SIGN KA TIMES ZI,РаЁРаЂРаљРадРахРаі
­њєЇ,74125,­њєЇ,1218D,CUNEIFORM SIGN KA2,РаЁРаЂРа╝РаЃ
­њєј,74126,­њєј,1218E,CUNEIFORM SIGN KA2 CROSSING KA2,РаЁРаЂРа╝РаЃРаѕРа»РаЁРаЂРа╝РаЃ
­њєЈ,74127,­њєЈ,1218F,CUNEIFORM SIGN KAB,РаЁРаЂРаЃ
­њєљ,74128,­њєљ,12190,CUNEIFORM SIGN KAD2,РаЁРаЂРаЎРа╝РаЃ
­њєЉ,74129,­њєЉ,12191,CUNEIFORM SIGN KAD3,РаЁРаЂРаЎРа╝РаЅ
­њєњ,74130,­њєњ,12192,CUNEIFORM SIGN KAD4,РаЁРаЂРаЎРа╝РаЎ
­њєЊ,74131,­њєЊ,12193,CUNEIFORM SIGN KAD5,РаЁРаЂРаЎРа╝РаЉ
­њєћ,74132,­њєћ,12194,CUNEIFORM SIGN KAD5 OVER KAD5,РаЁРаЂРаЎРа╝РаЉРаљРаїРаЁРаЂРаЎРа╝РаЉ
­њєЋ,74133,­њєЋ,12195,CUNEIFORM SIGN KAK,РаЁРаЂРаЁ
­њєќ,74134,­њєќ,12196,CUNEIFORM SIGN KAK TIMES IGI GUNU,РаЁРаЂРаЁРаљРадРаіРаЏРаі РаЏРаЦРаЮРаЦ
­њєЌ,74135,­њєЌ,12197,CUNEIFORM SIGN KAL,РаЁРаЂРаЄ
­њєў,74136,­њєў,12198,CUNEIFORM SIGN KAL TIMES BAD,РаЁРаЂРаЄРаљРадРаЃРаЂРаЎ
­њєЎ,74137,­њєЎ,12199,CUNEIFORM SIGN KAL CROSSING KAL,РаЁРаЂРаЄРаѕРа»РаЁРаЂРаЄ
­њєџ,74138,­њєџ,1219A,CUNEIFORM SIGN KAM2,РаЁРаЂРаЇРа╝РаЃ
­њєЏ,74139,­њєЏ,1219B,CUNEIFORM SIGN KAM4,РаЁРаЂРаЇРа╝РаЎ
­њєю,74140,­њєю,1219C,CUNEIFORM SIGN KASKAL,РаЁРаЂРајРаЁРаЂРаЄ
­њєЮ,74141,­њєЮ,1219D,CUNEIFORM SIGN KASKAL LAGAB TIMES U OVER LAGAB TIMES U,РаЁРаЂРајРаЁРаЂРаЄ РаЄРаЂРаЏРаЂРаЃРаљРадРаЦРаљРаїРаЄРаЂРаЏРаЂРаЃРаљРадРаЦ
­њєъ,74142,­њєъ,1219E,CUNEIFORM SIGN KASKAL OVER KASKAL LAGAB TIMES U OVER LAGAB TIMES U,РаЁРаЂРајРаЁРаЂРаЄРаљРаїРаЁРаЂРајРаЁРаЂРаЄ РаЄРаЂРаЏРаЂРаЃРаљРадРаЦРаљРаїРаЄРаЂРаЏРаЂРаЃРаљРадРаЦ
­њєЪ,74143,­њєЪ,1219F,CUNEIFORM SIGN KESH2,РаЁРаЉРајРаЊРа╝РаЃ
­њєа,74144,­њєа,121A0,CUNEIFORM SIGN KI,РаЁРаі
­њєА,74145,­њєА,121A1,CUNEIFORM SIGN KI TIMES BAD,РаЁРаіРаљРадРаЃРаЂРаЎ
­њєб,74146,­њєб,121A2,CUNEIFORM SIGN KI TIMES U,РаЁРаіРаљРадРаЦ
­њєБ,74147,­њєБ,121A3,CUNEIFORM SIGN KI TIMES UD,РаЁРаіРаљРадРаЦРаЎ
­њєц,74148,­њєц,121A4,CUNEIFORM SIGN KID,РаЁРаіРаЎ
­њєЦ,74149,­њєЦ,121A5,CUNEIFORM SIGN KIN,РаЁРаіРаЮ
­њєд,74150,­њєд,121A6,CUNEIFORM SIGN KISAL,РаЁРаіРајРаЂРаЄ
­њєД,74151,­њєД,121A7,CUNEIFORM SIGN KISH,РаЁРаіРајРаЊ
­њєе,74152,­њєе,121A8,CUNEIFORM SIGN KISIM5,РаЁРаіРајРаіРаЇРа╝РаЉ
­њєЕ,74153,­њєЕ,121A9,CUNEIFORM SIGN KISIM5 OVER KISIM5,РаЁРаіРајРаіРаЇРа╝РаЉРаљРаїРаЁРаіРајРаіРаЇРа╝РаЉ
­њєф,74154,­њєф,121AA,CUNEIFORM SIGN KU,РаЁРаЦ
­њєФ,74155,­њєФ,121AB,CUNEIFORM SIGN KU OVER HI TIMES ASH2 KU OVER HI TIMES ASH2,РаЁРаЦРаљРаїРаЊРаіРаљРадРаЂРајРаЊРа╝РаЃ РаЁРаЦРаљРаїРаЊРаіРаљРадРаЂРајРаЊРа╝РаЃ
­њєг,74156,­њєг,121AC,CUNEIFORM SIGN KU3,РаЁРаЦРа╝РаЅ
­њєГ,74157,­њєГ,121AD,CUNEIFORM SIGN KU4,РаЁРаЦРа╝РаЎ
­њє«,74158,­њє«,121AE,CUNEIFORM SIGN KU4 VARIANT FORM,РаЁРаЦРа╝РаЎ РаДРаЂРаЌРаіРаЂРаЮРаъ РаІРаЋРаЌРаЇ
­њє»,74159,­њє»,121AF,CUNEIFORM SIGN KU7,РаЁРаЦРа╝РаЏ
­њє░,74160,­њє░,121B0,CUNEIFORM SIGN KUL,РаЁРаЦРаЄ
­њє▒,74161,­њє▒,121B1,CUNEIFORM SIGN KUL GUNU,РаЁРаЦРаЄ РаЏРаЦРаЮРаЦ
­њє▓,74162,­њє▓,121B2,CUNEIFORM SIGN KUN,РаЁРаЦРаЮ
­њє│,74163,­њє│,121B3,CUNEIFORM SIGN KUR,РаЁРаЦРаЌ
­њє┤,74164,­њє┤,121B4,CUNEIFORM SIGN KUR OPPOSING KUR,РаЁРаЦРаЌРаѕРајРаЁРаЦРаЌ
­њєх,74165,­њєх,121B5,CUNEIFORM SIGN KUSHU2,РаЁРаЦРајРаЊРаЦРа╝РаЃ
­њєХ,74166,­њєХ,121B6,CUNEIFORM SIGN KWU318,РаЁРа║РаЦРа╝РаЅРа╝РаЂРа╝РаЊ
­њєи,74167,­њєи,121B7,CUNEIFORM SIGN LA,РаЄРаЂ
­њєИ,74168,­њєИ,121B8,CUNEIFORM SIGN LAGAB,РаЄРаЂРаЏРаЂРаЃ
­њє╣,74169,­њє╣,121B9,CUNEIFORM SIGN LAGAB TIMES A,РаЄРаЂРаЏРаЂРаЃРаљРадРаЂ
­њє║,74170,­њє║,121BA,CUNEIFORM SIGN LAGAB TIMES A PLUS DA PLUS HA,РаЄРаЂРаЏРаЂРаЃРаљРадРаЂРаљРаќРаЎРаЂРаљРаќРаЊРаЂ
­њє╗,74171,­њє╗,121BB,CUNEIFORM SIGN LAGAB TIMES A PLUS GAR,РаЄРаЂРаЏРаЂРаЃРаљРадРаЂРаљРаќРаЏРаЂРаЌ
­њє╝,74172,­њє╝,121BC,CUNEIFORM SIGN LAGAB TIMES A PLUS LAL,РаЄРаЂРаЏРаЂРаЃРаљРадРаЂРаљРаќРаЄРаЂРаЄ
­њєй,74173,­њєй,121BD,CUNEIFORM SIGN LAGAB TIMES AL,РаЄРаЂРаЏРаЂРаЃРаљРадРаЂРаЄ
­њєЙ,74174,­њєЙ,121BE,CUNEIFORM SIGN LAGAB TIMES AN,РаЄРаЂРаЏРаЂРаЃРаљРадРаЂРаЮ
­њє┐,74175,­њє┐,121BF,CUNEIFORM SIGN LAGAB TIMES ASH ZIDA TENU,РаЄРаЂРаЏРаЂРаЃРаљРадРаЂРајРаЊ РахРаіРаЎРаЂ РаъРаЉРаЮРаЦ
­њЄђ,74176,­њЄђ,121C0,CUNEIFORM SIGN LAGAB TIMES BAD,РаЄРаЂРаЏРаЂРаЃРаљРадРаЃРаЂРаЎ
­њЄЂ,74177,­њЄЂ,121C1,CUNEIFORM SIGN LAGAB TIMES BI,РаЄРаЂРаЏРаЂРаЃРаљРадРаЃРаі
­њЄѓ,74178,­њЄѓ,121C2,CUNEIFORM SIGN LAGAB TIMES DAR,РаЄРаЂРаЏРаЂРаЃРаљРадРаЎРаЂРаЌ
­њЄЃ,74179,­њЄЃ,121C3,CUNEIFORM SIGN LAGAB TIMES EN,РаЄРаЂРаЏРаЂРаЃРаљРадРаЉРаЮ
­њЄё,74180,­њЄё,121C4,CUNEIFORM SIGN LAGAB TIMES GA,РаЄРаЂРаЏРаЂРаЃРаљРадРаЏРаЂ
­њЄЁ,74181,­њЄЁ,121C5,CUNEIFORM SIGN LAGAB TIMES GAR,РаЄРаЂРаЏРаЂРаЃРаљРадРаЏРаЂРаЌ
­њЄє,74182,­њЄє,121C6,CUNEIFORM SIGN LAGAB TIMES GUD,РаЄРаЂРаЏРаЂРаЃРаљРадРаЏРаЦРаЎ
­њЄЄ,74183,­њЄЄ,121C7,CUNEIFORM SIGN LAGAB TIMES GUD PLUS GUD,РаЄРаЂРаЏРаЂРаЃРаљРадРаЏРаЦРаЎРаљРаќРаЏРаЦРаЎ
­њЄѕ,74184,­њЄѕ,121C8,CUNEIFORM SIGN LAGAB TIMES HA,РаЄРаЂРаЏРаЂРаЃРаљРадРаЊРаЂ
­њЄЅ,74185,­њЄЅ,121C9,CUNEIFORM SIGN LAGAB TIMES HAL,РаЄРаЂРаЏРаЂРаЃРаљРадРаЊРаЂРаЄ
­њЄі,74186,­њЄі,121CA,CUNEIFORM SIGN LAGAB TIMES HI TIMES NUN,РаЄРаЂРаЏРаЂРаЃРаљРадРаЊРаіРаљРадРаЮРаЦРаЮ
­њЄІ,74187,­њЄІ,121CB,CUNEIFORM SIGN LAGAB TIMES IGI GUNU,РаЄРаЂРаЏРаЂРаЃРаљРадРаіРаЏРаі РаЏРаЦРаЮРаЦ
­њЄї,74188,­њЄї,121CC,CUNEIFORM SIGN LAGAB TIMES IM,РаЄРаЂРаЏРаЂРаЃРаљРадРаіРаЇ
­њЄЇ,74189,­њЄЇ,121CD,CUNEIFORM SIGN LAGAB TIMES IM PLUS HA,РаЄРаЂРаЏРаЂРаЃРаљРадРаіРаЇРаљРаќРаЊРаЂ
­њЄј,74190,­њЄј,121CE,CUNEIFORM SIGN LAGAB TIMES IM PLUS LU,РаЄРаЂРаЏРаЂРаЃРаљРадРаіРаЇРаљРаќРаЄРаЦ
­њЄЈ,74191,­њЄЈ,121CF,CUNEIFORM SIGN LAGAB TIMES KI,РаЄРаЂРаЏРаЂРаЃРаљРадРаЁРаі
­њЄљ,74192,­њЄљ,121D0,CUNEIFORM SIGN LAGAB TIMES KIN,РаЄРаЂРаЏРаЂРаЃРаљРадРаЁРаіРаЮ
­њЄЉ,74193,­њЄЉ,121D1,CUNEIFORM SIGN LAGAB TIMES KU3,РаЄРаЂРаЏРаЂРаЃРаљРадРаЁРаЦРа╝РаЅ
­њЄњ,74194,­њЄњ,121D2,CUNEIFORM SIGN LAGAB TIMES KUL,РаЄРаЂРаЏРаЂРаЃРаљРадРаЁРаЦРаЄ
­њЄЊ,74195,­њЄЊ,121D3,CUNEIFORM SIGN LAGAB TIMES KUL PLUS HI PLUS A,РаЄРаЂРаЏРаЂРаЃРаљРадРаЁРаЦРаЄРаљРаќРаЊРаіРаљРаќРаЂ
­њЄћ,74196,­њЄћ,121D4,CUNEIFORM SIGN LAGAB TIMES LAGAB,РаЄРаЂРаЏРаЂРаЃРаљРадРаЄРаЂРаЏРаЂРаЃ
­њЄЋ,74197,­њЄЋ,121D5,CUNEIFORM SIGN LAGAB TIMES LISH,РаЄРаЂРаЏРаЂРаЃРаљРадРаЄРаіРајРаЊ
­њЄќ,74198,­њЄќ,121D6,CUNEIFORM SIGN LAGAB TIMES LU,РаЄРаЂРаЏРаЂРаЃРаљРадРаЄРаЦ
­њЄЌ,74199,­њЄЌ,121D7,CUNEIFORM SIGN LAGAB TIMES LUL,РаЄРаЂРаЏРаЂРаЃРаљРадРаЄРаЦРаЄ
­њЄў,74200,­њЄў,121D8,CUNEIFORM SIGN LAGAB TIMES ME,РаЄРаЂРаЏРаЂРаЃРаљРадРаЇРаЉ
­њЄЎ,74201,­њЄЎ,121D9,CUNEIFORM SIGN LAGAB TIMES ME PLUS EN,РаЄРаЂРаЏРаЂРаЃРаљРадРаЇРаЉРаљРаќРаЉРаЮ
­њЄџ,74202,­њЄџ,121DA,CUNEIFORM SIGN LAGAB TIMES MUSH,РаЄРаЂРаЏРаЂРаЃРаљРадРаЇРаЦРајРаЊ
­њЄЏ,74203,­њЄЏ,121DB,CUNEIFORM SIGN LAGAB TIMES NE,РаЄРаЂРаЏРаЂРаЃРаљРадРаЮРаЉ
­њЄю,74204,­њЄю,121DC,CUNEIFORM SIGN LAGAB TIMES SHE PLUS SUM,РаЄРаЂРаЏРаЂРаЃРаљРадРајРаЊРаЉРаљРаќРајРаЦРаЇ
­њЄЮ,74205,­њЄЮ,121DD,CUNEIFORM SIGN LAGAB TIMES SHITA PLUS GISH PLUS ERIN2,РаЄРаЂРаЏРаЂРаЃРаљРадРајРаЊРаіРаъРаЂРаљРаќРаЏРаіРајРаЊРаљРаќРаЉРаЌРаіРаЮРа╝РаЃ
­њЄъ,74206,­њЄъ,121DE,CUNEIFORM SIGN LAGAB TIMES SHITA PLUS GISH TENU,РаЄРаЂРаЏРаЂРаЃРаљРадРајРаЊРаіРаъРаЂРаљРаќРаЏРаіРајРаЊ РаъРаЉРаЮРаЦ
­њЄЪ,74207,­њЄЪ,121DF,CUNEIFORM SIGN LAGAB TIMES SHU2,РаЄРаЂРаЏРаЂРаЃРаљРадРајРаЊРаЦРа╝РаЃ
­њЄа,74208,­њЄа,121,CUNEIFORM SIGN LAGAB TIMES SHU2 PLUS SHU2,РаЄРаЂРаЏРаЂРаЃРаљРадРајРаЊРаЦРа╝РаЃРаљРаќРајРаЊРаЦРа╝РаЃ
­њЄА,74209,­њЄА,1210,CUNEIFORM SIGN LAGAB TIMES SUM,РаЄРаЂРаЏРаЂРаЃРаљРадРајРаЦРаЇ
­њЄб,74210,­њЄб,12100,CUNEIFORM SIGN LAGAB TIMES TAG,РаЄРаЂРаЏРаЂРаЃРаљРадРаъРаЂРаЏ
­њЄБ,74211,­њЄБ,121000,CUNEIFORM SIGN LAGAB TIMES TAK4,РаЄРаЂРаЏРаЂРаЃРаљРадРаъРаЂРаЁРа╝РаЎ
­њЄц,74212,­њЄц,1210000,CUNEIFORM SIGN LAGAB TIMES TE PLUS A PLUS SU PLUS NA,РаЄРаЂРаЏРаЂРаЃРаљРадРаъРаЉРаљРаќРаЂРаљРаќРајРаЦРаљРаќРаЮРаЂ
­њЄЦ,74213,­њЄЦ,12100000,CUNEIFORM SIGN LAGAB TIMES U,РаЄРаЂРаЏРаЂРаЃРаљРадРаЦ
­њЄд,74214,­њЄд,121000000,CUNEIFORM SIGN LAGAB TIMES U PLUS A,РаЄРаЂРаЏРаЂРаЃРаљРадРаЦРаљРаќРаЂ
­њЄД,74215,­њЄД,1210000000,CUNEIFORM SIGN LAGAB TIMES U PLUS U PLUS U,РаЄРаЂРаЏРаЂРаЃРаљРадРаЦРаљРаќРаЦРаљРаќРаЦ
­њЄе,74216,­њЄе,12100000000,CUNEIFORM SIGN LAGAB TIMES U2 PLUS ASH,РаЄРаЂРаЏРаЂРаЃРаљРадРаЦРа╝РаЃРаљРаќРаЂРајРаЊ
­њЄЕ,74217,­њЄЕ,121000000000,CUNEIFORM SIGN LAGAB TIMES UD,РаЄРаЂРаЏРаЂРаЃРаљРадРаЦРаЎ
­њЄф,74218,­њЄф,121EA,CUNEIFORM SIGN LAGAB TIMES USH,РаЄРаЂРаЏРаЂРаЃРаљРадРаЦРајРаЊ
­њЄФ,74219,­њЄФ,121EB,CUNEIFORM SIGN LAGAB SQUARED,РаЄРаЂРаЏРаЂРаЃРаћРа╝РаЃ
­њЄг,74220,­њЄг,121EC,CUNEIFORM SIGN LAGAR,РаЄРаЂРаЏРаЂРаЌ
­њЄГ,74221,­њЄГ,121ED,CUNEIFORM SIGN LAGAR TIMES SHE,РаЄРаЂРаЏРаЂРаЌРаљРадРајРаЊРаЉ
­њЄ«,74222,­њЄ«,121EE,CUNEIFORM SIGN LAGAR TIMES SHE PLUS SUM,РаЄРаЂРаЏРаЂРаЌРаљРадРајРаЊРаЉРаљРаќРајРаЦРаЇ
­њЄ»,74223,­њЄ»,121EF,CUNEIFORM SIGN LAGAR GUNU,РаЄРаЂРаЏРаЂРаЌ РаЏРаЦРаЮРаЦ
­њЄ░,74224,­њЄ░,121F0,CUNEIFORM SIGN LAGAR GUNU OVER LAGAR GUNU SHE,РаЄРаЂРаЏРаЂРаЌ РаЏРаЦРаЮРаЦРаљРаїРаЄРаЂРаЏРаЂРаЌ РаЏРаЦРаЮРаЦ РајРаЊРаЉ
­њЄ▒,74225,­њЄ▒,121F1,CUNEIFORM SIGN LAHSHU,РаЄРаЂРаЊРајРаЊРаЦ
­њЄ▓,74226,­њЄ▓,121F2,CUNEIFORM SIGN LAL,РаЄРаЂРаЄ
­њЄ│,74227,­њЄ│,121F3,CUNEIFORM SIGN LAL TIMES LAL,РаЄРаЂРаЄРаљРадРаЄРаЂРаЄ
­њЄ┤,74228,­њЄ┤,121F4,CUNEIFORM SIGN LAM,РаЄРаЂРаЇ
­њЄх,74229,­њЄх,121F5,CUNEIFORM SIGN LAM TIMES KUR,РаЄРаЂРаЇРаљРадРаЁРаЦРаЌ
­њЄХ,74230,­њЄХ,121F6,CUNEIFORM SIGN LAM TIMES KUR PLUS RU,РаЄРаЂРаЇРаљРадРаЁРаЦРаЌРаљРаќРаЌРаЦ
­њЄи,74231,­њЄи,121F7,CUNEIFORM SIGN LI,РаЄРаі
­њЄИ,74232,­њЄИ,121F8,CUNEIFORM SIGN LIL,РаЄРаіРаЄ
­њЄ╣,74233,­њЄ╣,121F9,CUNEIFORM SIGN LIMMU2,РаЄРаіРаЇРаЇРаЦРа╝РаЃ
­њЄ║,74234,­њЄ║,121FA,CUNEIFORM SIGN LISH,РаЄРаіРајРаЊ
­њЄ╗,74235,­њЄ╗,121FB,CUNEIFORM SIGN LU,РаЄРаЦ
­њЄ╝,74236,­њЄ╝,121FC,CUNEIFORM SIGN LU TIMES BAD,РаЄРаЦРаљРадРаЃРаЂРаЎ
­њЄй,74237,­њЄй,121FD,CUNEIFORM SIGN LU2,РаЄРаЦРа╝РаЃ
­њЄЙ,74238,­њЄЙ,121FE,CUNEIFORM SIGN LU2 TIMES AL,РаЄРаЦРа╝РаЃРаљРадРаЂРаЄ
­њЄ┐,74239,­њЄ┐,121FF,CUNEIFORM SIGN LU2 TIMES BAD,РаЄРаЦРа╝РаЃРаљРадРаЃРаЂРаЎ
­њѕђ,74240,­њѕђ,12200,CUNEIFORM SIGN LU2 TIMES ESH2,РаЄРаЦРа╝РаЃРаљРадРаЉРајРаЊРа╝РаЃ
­њѕЂ,74241,­њѕЂ,12201,CUNEIFORM SIGN LU2 TIMES ESH2 TENU,РаЄРаЦРа╝РаЃРаљРадРаЉРајРаЊРа╝РаЃ РаъРаЉРаЮРаЦ
­њѕѓ,74242,­њѕѓ,12202,CUNEIFORM SIGN LU2 TIMES GAN2 TENU,РаЄРаЦРа╝РаЃРаљРадРаЏРаЂРаЮРа╝РаЃ РаъРаЉРаЮРаЦ
­њѕЃ,74243,­њѕЃ,12203,CUNEIFORM SIGN LU2 TIMES HI TIMES BAD,РаЄРаЦРа╝РаЃРаљРадРаЊРаіРаљРадРаЃРаЂРаЎ
­њѕё,74244,­њѕё,12204,CUNEIFORM SIGN LU2 TIMES IM,РаЄРаЦРа╝РаЃРаљРадРаіРаЇ
­њѕЁ,74245,­њѕЁ,12205,CUNEIFORM SIGN LU2 TIMES KAD2,РаЄРаЦРа╝РаЃРаљРадРаЁРаЂРаЎРа╝РаЃ
­њѕє,74246,­њѕє,12206,CUNEIFORM SIGN LU2 TIMES KAD3,РаЄРаЦРа╝РаЃРаљРадРаЁРаЂРаЎРа╝РаЅ
­њѕЄ,74247,­њѕЄ,12207,CUNEIFORM SIGN LU2 TIMES KAD3 PLUS ASH,РаЄРаЦРа╝РаЃРаљРадРаЁРаЂРаЎРа╝РаЅРаљРаќРаЂРајРаЊ
­њѕѕ,74248,­њѕѕ,12208,CUNEIFORM SIGN LU2 TIMES KI,РаЄРаЦРа╝РаЃРаљРадРаЁРаі
­њѕЅ,74249,­њѕЅ,12209,CUNEIFORM SIGN LU2 TIMES LA PLUS ASH,РаЄРаЦРа╝РаЃРаљРадРаЄРаЂРаљРаќРаЂРајРаЊ
­њѕі,74250,­њѕі,1220A,CUNEIFORM SIGN LU2 TIMES LAGAB,РаЄРаЦРа╝РаЃРаљРадРаЄРаЂРаЏРаЂРаЃ
­њѕІ,74251,­њѕІ,1220B,CUNEIFORM SIGN LU2 TIMES ME PLUS EN,РаЄРаЦРа╝РаЃРаљРадРаЇРаЉРаљРаќРаЉРаЮ
­њѕї,74252,­њѕї,1220C,CUNEIFORM SIGN LU2 TIMES NE,РаЄРаЦРа╝РаЃРаљРадРаЮРаЉ
­њѕЇ,74253,­њѕЇ,1220D,CUNEIFORM SIGN LU2 TIMES NU,РаЄРаЦРа╝РаЃРаљРадРаЮРаЦ
­њѕј,74254,­њѕј,1220E,CUNEIFORM SIGN LU2 TIMES SI PLUS ASH,РаЄРаЦРа╝РаЃРаљРадРајРаіРаљРаќРаЂРајРаЊ
­њѕЈ,74255,­њѕЈ,1220F,CUNEIFORM SIGN LU2 TIMES SIK2 PLUS BU,РаЄРаЦРа╝РаЃРаљРадРајРаіРаЁРа╝РаЃРаљРаќРаЃРаЦ
­њѕљ,74256,­њѕљ,12210,CUNEIFORM SIGN LU2 TIMES TUG2,РаЄРаЦРа╝РаЃРаљРадРаъРаЦРаЏРа╝РаЃ
­њѕЉ,74257,­њѕЉ,12211,CUNEIFORM SIGN LU2 TENU,РаЄРаЦРа╝РаЃ РаъРаЉРаЮРаЦ
­њѕњ,74258,­њѕњ,12212,CUNEIFORM SIGN LU2 CROSSING LU2,РаЄРаЦРа╝РаЃРаѕРа»РаЄРаЦРа╝РаЃ
­њѕЊ,74259,­њѕЊ,12213,CUNEIFORM SIGN LU2 OPPOSING LU2,РаЄРаЦРа╝РаЃРаѕРајРаЄРаЦРа╝РаЃ
­њѕћ,74260,­њѕћ,12214,CUNEIFORM SIGN LU2 SQUARED,РаЄРаЦРа╝РаЃРаћРа╝РаЃ
­њѕЋ,74261,­њѕЋ,12215,CUNEIFORM SIGN LU2 SHESHIG,РаЄРаЦРа╝РаЃ РајРаЊРаЉРајРаЊРаіРаЏ
­њѕќ,74262,­њѕќ,12216,CUNEIFORM SIGN LU3,РаЄРаЦРа╝РаЅ
­њѕЌ,74263,­њѕЌ,12217,CUNEIFORM SIGN LUGAL,РаЄРаЦРаЏРаЂРаЄ
­њѕў,74264,­њѕў,12218,CUNEIFORM SIGN LUGAL OVER LUGAL,РаЄРаЦРаЏРаЂРаЄРаљРаїРаЄРаЦРаЏРаЂРаЄ
­њѕЎ,74265,­њѕЎ,12219,CUNEIFORM SIGN LUGAL OPPOSING LUGAL,РаЄРаЦРаЏРаЂРаЄРаѕРајРаЄРаЦРаЏРаЂРаЄ
­њѕџ,74266,­њѕџ,1221A,CUNEIFORM SIGN LUGAL SHESHIG,РаЄРаЦРаЏРаЂРаЄ РајРаЊРаЉРајРаЊРаіРаЏ
­њѕЏ,74267,­њѕЏ,1221B,CUNEIFORM SIGN LUH,РаЄРаЦРаЊ
­њѕю,74268,­њѕю,1221C,CUNEIFORM SIGN LUL,РаЄРаЦРаЄ
­њѕЮ,74269,­њѕЮ,1221D,CUNEIFORM SIGN LUM,РаЄРаЦРаЇ
­њѕъ,74270,­њѕъ,1221E,CUNEIFORM SIGN LUM OVER LUM,РаЄРаЦРаЇРаљРаїРаЄРаЦРаЇ
­њѕЪ,74271,­њѕЪ,1221F,CUNEIFORM SIGN LUM OVER LUM GAR OVER GAR,РаЄРаЦРаЇРаљРаїРаЄРаЦРаЇ РаЏРаЂРаЌРаљРаїРаЏРаЂРаЌ
­њѕа,74272,­њѕа,12220,CUNEIFORM SIGN MA,РаЇРаЂ
­њѕА,74273,­њѕА,12221,CUNEIFORM SIGN MA TIMES TAK4,РаЇРаЂРаљРадРаъРаЂРаЁРа╝РаЎ
­њѕб,74274,­њѕб,12222,CUNEIFORM SIGN MA GUNU,РаЇРаЂ РаЏРаЦРаЮРаЦ
­њѕБ,74275,­њѕБ,12223,CUNEIFORM SIGN MA2,РаЇРаЂРа╝РаЃ
­њѕц,74276,­њѕц,12224,CUNEIFORM SIGN MAH,РаЇРаЂРаЊ
­њѕЦ,74277,­њѕЦ,12225,CUNEIFORM SIGN MAR,РаЇРаЂРаЌ
­њѕд,74278,­њѕд,12226,CUNEIFORM SIGN MASH,РаЇРаЂРајРаЊ
­њѕД,74279,­њѕД,12227,CUNEIFORM SIGN MASH2,РаЇРаЂРајРаЊРа╝РаЃ
­њѕе,74280,­њѕе,12228,CUNEIFORM SIGN ME,РаЇРаЉ
­њѕЕ,74281,­њѕЕ,12229,CUNEIFORM SIGN MES,РаЇРаЉРај
­њѕф,74282,­њѕф,1222A,CUNEIFORM SIGN MI,РаЇРаі
­њѕФ,74283,­њѕФ,1222B,CUNEIFORM SIGN MIN,РаЇРаіРаЮ
­њѕг,74284,­њѕг,1222C,CUNEIFORM SIGN MU,РаЇРаЦ
­њѕГ,74285,­њѕГ,1222D,CUNEIFORM SIGN MU OVER MU,РаЇРаЦРаљРаїРаЇРаЦ
­њѕ«,74286,­њѕ«,1222E,CUNEIFORM SIGN MUG,РаЇРаЦРаЏ
­њѕ»,74287,­њѕ»,1222F,CUNEIFORM SIGN MUG GUNU,РаЇРаЦРаЏ РаЏРаЦРаЮРаЦ
­њѕ░,74288,­њѕ░,12230,CUNEIFORM SIGN MUNSUB,РаЇРаЦРаЮРајРаЦРаЃ
­њѕ▒,74289,­њѕ▒,12231,CUNEIFORM SIGN MURGU2,РаЇРаЦРаЌРаЏРаЦРа╝РаЃ
­њѕ▓,74290,­њѕ▓,12232,CUNEIFORM SIGN MUSH,РаЇРаЦРајРаЊ
­њѕ│,74291,­њѕ│,12233,CUNEIFORM SIGN MUSH TIMES A,РаЇРаЦРајРаЊРаљРадРаЂ
­њѕ┤,74292,­њѕ┤,12234,CUNEIFORM SIGN MUSH TIMES KUR,РаЇРаЦРајРаЊРаљРадРаЁРаЦРаЌ
­њѕх,74293,­њѕх,12235,CUNEIFORM SIGN MUSH TIMES ZA,РаЇРаЦРајРаЊРаљРадРахРаЂ
­њѕХ,74294,­њѕХ,12236,CUNEIFORM SIGN MUSH OVER MUSH,РаЇРаЦРајРаЊРаљРаїРаЇРаЦРајРаЊ
­њѕи,74295,­њѕи,12237,CUNEIFORM SIGN MUSH OVER MUSH TIMES A PLUS NA,РаЇРаЦРајРаЊРаљРаїРаЇРаЦРајРаЊРаљРадРаЂРаљРаќРаЮРаЂ
­њѕИ,74296,­њѕИ,12238,CUNEIFORM SIGN MUSH CROSSING MUSH,РаЇРаЦРајРаЊРаѕРа»РаЇРаЦРајРаЊ
­њѕ╣,74297,­њѕ╣,12239,CUNEIFORM SIGN MUSH3,РаЇРаЦРајРаЊРа╝РаЅ
­њѕ║,74298,­њѕ║,1223A,CUNEIFORM SIGN MUSH3 TIMES A,РаЇРаЦРајРаЊРа╝РаЅРаљРадРаЂ
­њѕ╗,74299,­њѕ╗,1223B,CUNEIFORM SIGN MUSH3 TIMES A PLUS DI,РаЇРаЦРајРаЊРа╝РаЅРаљРадРаЂРаљРаќРаЎРаі
­њѕ╝,74300,­њѕ╝,1223C,CUNEIFORM SIGN MUSH3 TIMES DI,РаЇРаЦРајРаЊРа╝РаЅРаљРадРаЎРаі
­њѕй,74301,­њѕй,1223D,CUNEIFORM SIGN MUSH3 GUNU,РаЇРаЦРајРаЊРа╝РаЅ РаЏРаЦРаЮРаЦ
­њѕЙ,74302,­њѕЙ,1223E,CUNEIFORM SIGN NA,РаЮРаЂ
­њѕ┐,74303,­њѕ┐,1223F,CUNEIFORM SIGN NA2,РаЮРаЂРа╝РаЃ
­њЅђ,74304,­њЅђ,12240,CUNEIFORM SIGN NAGA,РаЮРаЂРаЏРаЂ
­њЅЂ,74305,­њЅЂ,12241,CUNEIFORM SIGN NAGA INVERTED,РаЮРаЂРаЏРаЂ РаіРаЮРаДРаЉРаЌРаъРаЉРаЎ
­њЅѓ,74306,­њЅѓ,12242,CUNEIFORM SIGN NAGA TIMES SHU TENU,РаЮРаЂРаЏРаЂРаљРадРајРаЊРаЦ РаъРаЉРаЮРаЦ
­њЅЃ,74307,­њЅЃ,12243,CUNEIFORM SIGN NAGA OPPOSING NAGA,РаЮРаЂРаЏРаЂРаѕРајРаЮРаЂРаЏРаЂ
­њЅё,74308,­њЅё,12244,CUNEIFORM SIGN NAGAR,РаЮРаЂРаЏРаЂРаЌ
­њЅЁ,74309,­њЅЁ,12245,CUNEIFORM SIGN NAM NUTILLU,РаЮРаЂРаЇ РаЮРаЦРаъРаіРаЄРаЄРаЦ
­њЅє,74310,­њЅє,12246,CUNEIFORM SIGN NAM,РаЮРаЂРаЇ
­њЅЄ,74311,­њЅЄ,12247,CUNEIFORM SIGN NAM2,РаЮРаЂРаЇРа╝РаЃ
­њЅѕ,74312,­њЅѕ,12248,CUNEIFORM SIGN NE,РаЮРаЉ
­њЅЅ,74313,­њЅЅ,12249,CUNEIFORM SIGN NE TIMES A,РаЮРаЉРаљРадРаЂ
­њЅі,74314,­њЅі,1224A,CUNEIFORM SIGN NE TIMES UD,РаЮРаЉРаљРадРаЦРаЎ
­њЅІ,74315,­њЅІ,1224B,CUNEIFORM SIGN NE SHESHIG,РаЮРаЉ РајРаЊРаЉРајРаЊРаіРаЏ
­њЅї,74316,­њЅї,1224C,CUNEIFORM SIGN NI,РаЮРаі
­њЅЇ,74317,­њЅЇ,1224D,CUNEIFORM SIGN NI TIMES E,РаЮРаіРаљРадРаЉ
­њЅј,74318,­њЅј,1224E,CUNEIFORM SIGN NI2,РаЮРаіРа╝РаЃ
­њЅЈ,74319,­њЅЈ,1224F,CUNEIFORM SIGN NIM,РаЮРаіРаЇ
­њЅљ,74320,­њЅљ,12250,CUNEIFORM SIGN NIM TIMES GAN2 TENU,РаЮРаіРаЇРаљРадРаЏРаЂРаЮРа╝РаЃ РаъРаЉРаЮРаЦ
­њЅЉ,74321,­њЅЉ,12251,CUNEIFORM SIGN NIM TIMES GAR PLUS GAN2 TENU,РаЮРаіРаЇРаљРадРаЏРаЂРаЌРаљРаќРаЏРаЂРаЮРа╝РаЃ РаъРаЉРаЮРаЦ
­њЅњ,74322,­њЅњ,12252,CUNEIFORM SIGN NINDA2,РаЮРаіРаЮРаЎРаЂРа╝РаЃ
­њЅЊ,74323,­њЅЊ,12253,CUNEIFORM SIGN NINDA2 TIMES AN,РаЮРаіРаЮРаЎРаЂРа╝РаЃРаљРадРаЂРаЮ
­њЅћ,74324,­њЅћ,12254,CUNEIFORM SIGN NINDA2 TIMES ASH,РаЮРаіРаЮРаЎРаЂРа╝РаЃРаљРадРаЂРајРаЊ
­њЅЋ,74325,­њЅЋ,12255,CUNEIFORM SIGN NINDA2 TIMES ASH PLUS ASH,РаЮРаіРаЮРаЎРаЂРа╝РаЃРаљРадРаЂРајРаЊРаљРаќРаЂРајРаЊ
­њЅќ,74326,­њЅќ,12256,CUNEIFORM SIGN NINDA2 TIMES GUD,РаЮРаіРаЮРаЎРаЂРа╝РаЃРаљРадРаЏРаЦРаЎ
­њЅЌ,74327,­њЅЌ,12257,CUNEIFORM SIGN NINDA2 TIMES ME PLUS GAN2 TENU,РаЮРаіРаЮРаЎРаЂРа╝РаЃРаљРадРаЇРаЉРаљРаќРаЏРаЂРаЮРа╝РаЃ РаъРаЉРаЮРаЦ
­њЅў,74328,­њЅў,12258,CUNEIFORM SIGN NINDA2 TIMES NE,РаЮРаіРаЮРаЎРаЂРа╝РаЃРаљРадРаЮРаЉ
­њЅЎ,74329,­њЅЎ,12259,CUNEIFORM SIGN NINDA2 TIMES NUN,РаЮРаіРаЮРаЎРаЂРа╝РаЃРаљРадРаЮРаЦРаЮ
­њЅџ,74330,­њЅџ,1225A,CUNEIFORM SIGN NINDA2 TIMES SHE,РаЮРаіРаЮРаЎРаЂРа╝РаЃРаљРадРајРаЊРаЉ
­њЅЏ,74331,­њЅЏ,1225B,CUNEIFORM SIGN NINDA2 TIMES SHE PLUS A AN,РаЮРаіРаЮРаЎРаЂРа╝РаЃРаљРадРајРаЊРаЉРаљРаќРаЂ РаЂРаЮ
­њЅю,74332,­њЅю,1225C,CUNEIFORM SIGN NINDA2 TIMES SHE PLUS ASH,РаЮРаіРаЮРаЎРаЂРа╝РаЃРаљРадРајРаЊРаЉРаљРаќРаЂРајРаЊ
­њЅЮ,74333,­њЅЮ,1225D,CUNEIFORM SIGN NINDA2 TIMES SHE PLUS ASH PLUS ASH,РаЮРаіРаЮРаЎРаЂРа╝РаЃРаљРадРајРаЊРаЉРаљРаќРаЂРајРаЊРаљРаќРаЂРајРаЊ
­њЅъ,74334,­њЅъ,1225E,CUNEIFORM SIGN NINDA2 TIMES U2 PLUS ASH,РаЮРаіРаЮРаЎРаЂРа╝РаЃРаљРадРаЦРа╝РаЃРаљРаќРаЂРајРаЊ
­њЅЪ,74335,­њЅЪ,1225F,CUNEIFORM SIGN NINDA2 TIMES USH,РаЮРаіРаЮРаЎРаЂРа╝РаЃРаљРадРаЦРајРаЊ
­њЅа,74336,­њЅа,12260,CUNEIFORM SIGN NISAG,РаЮРаіРајРаЂРаЏ
­њЅА,74337,­њЅА,12261,CUNEIFORM SIGN NU,РаЮРаЦ
­њЅб,74338,­њЅб,12262,CUNEIFORM SIGN NU11,РаЮРаЦРа╝РаЂРа╝РаЂ
­њЅБ,74339,­њЅБ,12263,CUNEIFORM SIGN NUN,РаЮРаЦРаЮ
­њЅц,74340,­њЅц,12264,CUNEIFORM SIGN NUN LAGAR TIMES GAR,РаЮРаЦРаЮ РаЄРаЂРаЏРаЂРаЌРаљРадРаЏРаЂРаЌ
­њЅЦ,74341,­њЅЦ,12265,CUNEIFORM SIGN NUN LAGAR TIMES MASH,РаЮРаЦРаЮ РаЄРаЂРаЏРаЂРаЌРаљРадРаЇРаЂРајРаЊ
­њЅд,74342,­њЅд,12266,CUNEIFORM SIGN NUN LAGAR TIMES SAL,РаЮРаЦРаЮ РаЄРаЂРаЏРаЂРаЌРаљРадРајРаЂРаЄ
­њЅД,74343,­њЅД,12267,CUNEIFORM SIGN NUN LAGAR TIMES SAL OVER NUN LAGAR TIMES SAL,РаЮРаЦРаЮ РаЄРаЂРаЏРаЂРаЌРаљРадРајРаЂРаЄРаљРаїРаЮРаЦРаЮ РаЄРаЂРаЏРаЂРаЌРаљРадРајРаЂРаЄ
­њЅе,74344,­њЅе,12268,CUNEIFORM SIGN NUN LAGAR TIMES USH,РаЮРаЦРаЮ РаЄРаЂРаЏРаЂРаЌРаљРадРаЦРајРаЊ
­њЅЕ,74345,­њЅЕ,12269,CUNEIFORM SIGN NUN TENU,РаЮРаЦРаЮ РаъРаЉРаЮРаЦ
­њЅф,74346,­њЅф,1226A,CUNEIFORM SIGN NUN OVER NUN,РаЮРаЦРаЮРаљРаїРаЮРаЦРаЮ
­њЅФ,74347,­њЅФ,1226B,CUNEIFORM SIGN NUN CROSSING NUN,РаЮРаЦРаЮРаѕРа»РаЮРаЦРаЮ
­њЅг,74348,­њЅг,1226C,CUNEIFORM SIGN NUN CROSSING NUN LAGAR OVER LAGAR,РаЮРаЦРаЮРаѕРа»РаЮРаЦРаЮ РаЄРаЂРаЏРаЂРаЌРаљРаїРаЄРаЂРаЏРаЂРаЌ
­њЅГ,74349,­њЅГ,1226D,CUNEIFORM SIGN NUNUZ,РаЮРаЦРаЮРаЦ
­њЅ«,74350,­њЅ«,1226E,CUNEIFORM SIGN NUNUZ AB2 TIMES ASHGAB,РаЮРаЦРаЮРаЦРах РаЂРаЃРа╝РаЃРаљРадРаЂРајРаЊРаЏРаЂРаЃ
­њЅ»,74351,­њЅ»,1226F,CUNEIFORM SIGN NUNUZ AB2 TIMES BI,РаЮРаЦРаЮРаЦРах РаЂРаЃРа╝РаЃРаљРадРаЃРаі
­њЅ░,74352,­њЅ░,12270,CUNEIFORM SIGN NUNUZ AB2 TIMES DUG,РаЮРаЦРаЮРаЦРах РаЂРаЃРа╝РаЃРаљРадРаЎРаЦРаЏ
­њЅ▒,74353,­њЅ▒,12271,CUNEIFORM SIGN NUNUZ AB2 TIMES GUD,РаЮРаЦРаЮРаЦРах РаЂРаЃРа╝РаЃРаљРадРаЏРаЦРаЎ
­њЅ▓,74354,­њЅ▓,12272,CUNEIFORM SIGN NUNUZ AB2 TIMES IGI GUNU,РаЮРаЦРаЮРаЦРах РаЂРаЃРа╝РаЃРаљРадРаіРаЏРаі РаЏРаЦРаЮРаЦ
­њЅ│,74355,­њЅ│,12273,CUNEIFORM SIGN NUNUZ AB2 TIMES KAD3,РаЮРаЦРаЮРаЦРах РаЂРаЃРа╝РаЃРаљРадРаЁРаЂРаЎРа╝РаЅ
­њЅ┤,74356,­њЅ┤,12274,CUNEIFORM SIGN NUNUZ AB2 TIMES LA,РаЮРаЦРаЮРаЦРах РаЂРаЃРа╝РаЃРаљРадРаЄРаЂ
­њЅх,74357,­њЅх,12275,CUNEIFORM SIGN NUNUZ AB2 TIMES NE,РаЮРаЦРаЮРаЦРах РаЂРаЃРа╝РаЃРаљРадРаЮРаЉ
­њЅХ,74358,­њЅХ,12276,CUNEIFORM SIGN NUNUZ AB2 TIMES SILA3,РаЮРаЦРаЮРаЦРах РаЂРаЃРа╝РаЃРаљРадРајРаіРаЄРаЂРа╝РаЅ
­њЅи,74359,­њЅи,12277,CUNEIFORM SIGN NUNUZ AB2 TIMES U2,РаЮРаЦРаЮРаЦРах РаЂРаЃРа╝РаЃРаљРадРаЦРа╝РаЃ
­њЅИ,74360,­њЅИ,12278,CUNEIFORM SIGN NUNUZ KISIM5 TIMES BI,РаЮРаЦРаЮРаЦРах РаЁРаіРајРаіРаЇРа╝РаЉРаљРадРаЃРаі
­њЅ╣,74361,­њЅ╣,12279,CUNEIFORM SIGN NUNUZ KISIM5 TIMES BI U,РаЮРаЦРаЮРаЦРах РаЁРаіРајРаіРаЇРа╝РаЉРаљРадРаЃРаі РаЦ
­њЅ║,74362,­њЅ║,1227A,CUNEIFORM SIGN PA,РаЈРаЂ
­њЅ╗,74363,­њЅ╗,1227B,CUNEIFORM SIGN PAD,РаЈРаЂРаЎ
­њЅ╝,74364,­њЅ╝,1227C,CUNEIFORM SIGN PAN,РаЈРаЂРаЮ
­њЅй,74365,­њЅй,1227D,CUNEIFORM SIGN PAP,РаЈРаЂРаЈ
­њЅЙ,74366,­њЅЙ,1227E,CUNEIFORM SIGN PESH2,РаЈРаЉРајРаЊРа╝РаЃ
­њЅ┐,74367,­њЅ┐,1227F,CUNEIFORM SIGN PI,РаЈРаі
­њіђ,74368,­њіђ,12280,CUNEIFORM SIGN PI TIMES A,РаЈРаіРаљРадРаЂ
­њіЂ,74369,­њіЂ,12281,CUNEIFORM SIGN PI TIMES AB,РаЈРаіРаљРадРаЂРаЃ
­њіѓ,74370,­њіѓ,12282,CUNEIFORM SIGN PI TIMES BI,РаЈРаіРаљРадРаЃРаі
­њіЃ,74371,­њіЃ,12283,CUNEIFORM SIGN PI TIMES BU,РаЈРаіРаљРадРаЃРаЦ
­њіё,74372,­њіё,12284,CUNEIFORM SIGN PI TIMES E,РаЈРаіРаљРадРаЉ
­њіЁ,74373,­њіЁ,12285,CUNEIFORM SIGN PI TIMES I,РаЈРаіРаљРадРаі
­њіє,74374,­њіє,12286,CUNEIFORM SIGN PI TIMES IB,РаЈРаіРаљРадРаіРаЃ
­њіЄ,74375,­њіЄ,12287,CUNEIFORM SIGN PI TIMES U,РаЈРаіРаљРадРаЦ
­њіѕ,74376,­њіѕ,12288,CUNEIFORM SIGN PI TIMES U2,РаЈРаіРаљРадРаЦРа╝РаЃ
­њіЅ,74377,­њіЅ,12289,CUNEIFORM SIGN PI CROSSING PI,РаЈРаіРаѕРа»РаЈРаі
­њіі,74378,­њіі,1228A,CUNEIFORM SIGN PIRIG,РаЈРаіРаЌРаіРаЏ
­њіІ,74379,­њіІ,1228B,CUNEIFORM SIGN PIRIG TIMES KAL,РаЈРаіРаЌРаіРаЏРаљРадРаЁРаЂРаЄ
­њії,74380,­њії,1228C,CUNEIFORM SIGN PIRIG TIMES UD,РаЈРаіРаЌРаіРаЏРаљРадРаЦРаЎ
­њіЇ,74381,­њіЇ,1228D,CUNEIFORM SIGN PIRIG TIMES ZA,РаЈРаіРаЌРаіРаЏРаљРадРахРаЂ
­њіј,74382,­њіј,1228E,CUNEIFORM SIGN PIRIG OPPOSING PIRIG,РаЈРаіРаЌРаіРаЏРаѕРајРаЈРаіРаЌРаіРаЏ
­њіЈ,74383,­њіЈ,1228F,CUNEIFORM SIGN RA,РаЌРаЂ
­њіљ,74384,­њіљ,12290,CUNEIFORM SIGN RAB,РаЌРаЂРаЃ
­њіЉ,74385,­њіЉ,12291,CUNEIFORM SIGN RI,РаЌРаі
­њіњ,74386,­њіњ,12292,CUNEIFORM SIGN RU,РаЌРаЦ
­њіЊ,74387,­њіЊ,12293,CUNEIFORM SIGN SA,РајРаЂ
­њіћ,74388,­њіћ,12294,CUNEIFORM SIGN SAG NUTILLU,РајРаЂРаЏ РаЮРаЦРаъРаіРаЄРаЄРаЦ
­њіЋ,74389,­њіЋ,12295,CUNEIFORM SIGN SAG,РајРаЂРаЏ
­њіќ,74390,­њіќ,12296,CUNEIFORM SIGN SAG TIMES A,РајРаЂРаЏРаљРадРаЂ
­њіЌ,74391,­њіЌ,12297,CUNEIFORM SIGN SAG TIMES DU,РајРаЂРаЏРаљРадРаЎРаЦ
­њіў,74392,­њіў,12298,CUNEIFORM SIGN SAG TIMES DUB,РајРаЂРаЏРаљРадРаЎРаЦРаЃ
­њіЎ,74393,­њіЎ,12299,CUNEIFORM SIGN SAG TIMES HA,РајРаЂРаЏРаљРадРаЊРаЂ
­њіџ,74394,­њіџ,1229A,CUNEIFORM SIGN SAG TIMES KAK,РајРаЂРаЏРаљРадРаЁРаЂРаЁ
­њіЏ,74395,­њіЏ,1229B,CUNEIFORM SIGN SAG TIMES KUR,РајРаЂРаЏРаљРадРаЁРаЦРаЌ
­њію,74396,­њію,1229C,CUNEIFORM SIGN SAG TIMES LUM,РајРаЂРаЏРаљРадРаЄРаЦРаЇ
­њіЮ,74397,­њіЮ,1229D,CUNEIFORM SIGN SAG TIMES MI,РајРаЂРаЏРаљРадРаЇРаі
­њіъ,74398,­њіъ,1229E,CUNEIFORM SIGN SAG TIMES NUN,РајРаЂРаЏРаљРадРаЮРаЦРаЮ
­њіЪ,74399,­њіЪ,1229F,CUNEIFORM SIGN SAG TIMES SAL,РајРаЂРаЏРаљРадРајРаЂРаЄ
­њіа,74400,­њіа,122A0,CUNEIFORM SIGN SAG TIMES SHID,РајРаЂРаЏРаљРадРајРаЊРаіРаЎ
­њіА,74401,­њіА,122A1,CUNEIFORM SIGN SAG TIMES TAB,РајРаЂРаЏРаљРадРаъРаЂРаЃ
­њіб,74402,­њіб,122A2,CUNEIFORM SIGN SAG TIMES U2,РајРаЂРаЏРаљРадРаЦРа╝РаЃ
­њіБ,74403,­њіБ,122A3,CUNEIFORM SIGN SAG TIMES UB,РајРаЂРаЏРаљРадРаЦРаЃ
­њіц,74404,­њіц,122A4,CUNEIFORM SIGN SAG TIMES UM,РајРаЂРаЏРаљРадРаЦРаЇ
­њіЦ,74405,­њіЦ,122A5,CUNEIFORM SIGN SAG TIMES UR,РајРаЂРаЏРаљРадРаЦРаЌ
­њід,74406,­њід,122A6,CUNEIFORM SIGN SAG TIMES USH,РајРаЂРаЏРаљРадРаЦРајРаЊ
­њіД,74407,­њіД,122A7,CUNEIFORM SIGN SAG OVER SAG,РајРаЂРаЏРаљРаїРајРаЂРаЏ
­њіе,74408,­њіе,122A8,CUNEIFORM SIGN SAG GUNU,РајРаЂРаЏ РаЏРаЦРаЮРаЦ
­њіЕ,74409,­њіЕ,122A9,CUNEIFORM SIGN SAL,РајРаЂРаЄ
­њіф,74410,­њіф,122AA,CUNEIFORM SIGN SAL LAGAB TIMES ASH2,РајРаЂРаЄ РаЄРаЂРаЏРаЂРаЃРаљРадРаЂРајРаЊРа╝РаЃ
­њіФ,74411,­њіФ,122AB,CUNEIFORM SIGN SANGA2,РајРаЂРаЮРаЏРаЂРа╝РаЃ
­њіг,74412,­њіг,122AC,CUNEIFORM SIGN SAR,РајРаЂРаЌ
­њіГ,74413,­њіГ,122AD,CUNEIFORM SIGN SHA,РајРаЊРаЂ
­њі«,74414,­њі«,122AE,CUNEIFORM SIGN SHA3,РајРаЊРаЂРа╝РаЅ
­њі»,74415,­њі»,122AF,CUNEIFORM SIGN SHA3 TIMES A,РајРаЊРаЂРа╝РаЅРаљРадРаЂ
­њі░,74416,­њі░,122B0,CUNEIFORM SIGN SHA3 TIMES BAD,РајРаЊРаЂРа╝РаЅРаљРадРаЃРаЂРаЎ
­њі▒,74417,­њі▒,122B1,CUNEIFORM SIGN SHA3 TIMES GISH,РајРаЊРаЂРа╝РаЅРаљРадРаЏРаіРајРаЊ
­њі▓,74418,­њі▓,122B2,CUNEIFORM SIGN SHA3 TIMES NE,РајРаЊРаЂРа╝РаЅРаљРадРаЮРаЉ
­њі│,74419,­њі│,122B3,CUNEIFORM SIGN SHA3 TIMES SHU2,РајРаЊРаЂРа╝РаЅРаљРадРајРаЊРаЦРа╝РаЃ
­њі┤,74420,­њі┤,122B4,CUNEIFORM SIGN SHA3 TIMES TUR,РајРаЊРаЂРа╝РаЅРаљРадРаъРаЦРаЌ
­њіх,74421,­њіх,122B5,CUNEIFORM SIGN SHA3 TIMES U,РајРаЊРаЂРа╝РаЅРаљРадРаЦ
­њіХ,74422,­њіХ,122B6,CUNEIFORM SIGN SHA3 TIMES U PLUS A,РајРаЊРаЂРа╝РаЅРаљРадРаЦРаљРаќРаЂ
­њіи,74423,­њіи,122B7,CUNEIFORM SIGN SHA6,РајРаЊРаЂРа╝РаІ
­њіИ,74424,­њіИ,122B8,CUNEIFORM SIGN SHAB6,РајРаЊРаЂРаЃРа╝РаІ
­њі╣,74425,­њі╣,122B9,CUNEIFORM SIGN SHAR2,РајРаЊРаЂРаЌРа╝РаЃ
­њі║,74426,­њі║,122BA,CUNEIFORM SIGN SHE,РајРаЊРаЉ
­њі╗,74427,­њі╗,122BB,CUNEIFORM SIGN SHE HU,РајРаЊРаЉ РаЊРаЦ
­њі╝,74428,­њі╝,122BC,CUNEIFORM SIGN SHE OVER SHE GAD OVER GAD GAR OVER GAR,РајРаЊРаЉРаљРаїРајРаЊРаЉ РаЏРаЂРаЎРаљРаїРаЏРаЂРаЎ РаЏРаЂРаЌРаљРаїРаЏРаЂРаЌ
­њій,74429,­њій,122BD,CUNEIFORM SIGN SHE OVER SHE TAB OVER TAB GAR OVER GAR,РајРаЊРаЉРаљРаїРајРаЊРаЉ РаъРаЂРаЃРаљРаїРаъРаЂРаЃ РаЏРаЂРаЌРаљРаїРаЏРаЂРаЌ
­њіЙ,74430,­њіЙ,122BE,CUNEIFORM SIGN SHEG9,РајРаЊРаЉРаЏРа╝Раі
­њі┐,74431,­њі┐,122BF,CUNEIFORM SIGN SHEN,РајРаЊРаЉРаЮ
­њІђ,74432,­њІђ,122C0,CUNEIFORM SIGN SHESH,РајРаЊРаЉРајРаЊ
­њІЂ,74433,­њІЂ,122C1,CUNEIFORM SIGN SHESH2,РајРаЊРаЉРајРаЊРа╝РаЃ
­њІѓ,74434,­њІѓ,122C2,CUNEIFORM SIGN SHESHLAM,РајРаЊРаЉРајРаЊРаЄРаЂРаЇ
­њІЃ,74435,­њІЃ,122C3,CUNEIFORM SIGN SHID,РајРаЊРаіРаЎ
­њІё,74436,­њІё,122C4,CUNEIFORM SIGN SHID TIMES A,РајРаЊРаіРаЎРаљРадРаЂ
­њІЁ,74437,­њІЁ,122C5,CUNEIFORM SIGN SHID TIMES IM,РајРаЊРаіРаЎРаљРадРаіРаЇ
­њІє,74438,­њІє,122C6,CUNEIFORM SIGN SHIM,РајРаЊРаіРаЇ
­њІЄ,74439,­њІЄ,122C7,CUNEIFORM SIGN SHIM TIMES A,РајРаЊРаіРаЇРаљРадРаЂ
­њІѕ,74440,­њІѕ,122C8,CUNEIFORM SIGN SHIM TIMES BAL,РајРаЊРаіРаЇРаљРадРаЃРаЂРаЄ
­њІЅ,74441,­њІЅ,122C9,CUNEIFORM SIGN SHIM TIMES BULUG,РајРаЊРаіРаЇРаљРадРаЃРаЦРаЄРаЦРаЏ
­њІі,74442,­њІі,122CA,CUNEIFORM SIGN SHIM TIMES DIN,РајРаЊРаіРаЇРаљРадРаЎРаіРаЮ
­њІІ,74443,­њІІ,122CB,CUNEIFORM SIGN SHIM TIMES GAR,РајРаЊРаіРаЇРаљРадРаЏРаЂРаЌ
­њІї,74444,­њІї,122CC,CUNEIFORM SIGN SHIM TIMES IGI,РајРаЊРаіРаЇРаљРадРаіРаЏРаі
­њІЇ,74445,­њІЇ,122CD,CUNEIFORM SIGN SHIM TIMES IGI GUNU,РајРаЊРаіРаЇРаљРадРаіРаЏРаі РаЏРаЦРаЮРаЦ
­њІј,74446,­њІј,122CE,CUNEIFORM SIGN SHIM TIMES KUSHU2,РајРаЊРаіРаЇРаљРадРаЁРаЦРајРаЊРаЦРа╝РаЃ
­њІЈ,74447,­њІЈ,122CF,CUNEIFORM SIGN SHIM TIMES LUL,РајРаЊРаіРаЇРаљРадРаЄРаЦРаЄ
­њІљ,74448,­њІљ,122D0,CUNEIFORM SIGN SHIM TIMES MUG,РајРаЊРаіРаЇРаљРадРаЇРаЦРаЏ
­њІЉ,74449,­њІЉ,122D1,CUNEIFORM SIGN SHIM TIMES SAL,РајРаЊРаіРаЇРаљРадРајРаЂРаЄ
­њІњ,74450,­њІњ,122D2,CUNEIFORM SIGN SHINIG,РајРаЊРаіРаЮРаіРаЏ
­њІЊ,74451,­њІЊ,122D3,CUNEIFORM SIGN SHIR,РајРаЊРаіРаЌ
­њІћ,74452,­њІћ,122D4,CUNEIFORM SIGN SHIR TENU,РајРаЊРаіРаЌ РаъРаЉРаЮРаЦ
­њІЋ,74453,­њІЋ,122D5,CUNEIFORM SIGN SHIR OVER SHIR BUR OVER BUR,РајРаЊРаіРаЌРаљРаїРајРаЊРаіРаЌ РаЃРаЦРаЌРаљРаїРаЃРаЦРаЌ
­њІќ,74454,­њІќ,122D6,CUNEIFORM SIGN SHITA,РајРаЊРаіРаъРаЂ
­њІЌ,74455,­њІЌ,122D7,CUNEIFORM SIGN SHU,РајРаЊРаЦ
­њІў,74456,­њІў,122D8,CUNEIFORM SIGN SHU OVER INVERTED SHU,РајРаЊРаЦРаљРаїРаіРаЮРаДРаЉРаЌРаъРаЉРаЎ РајРаЊРаЦ
­њІЎ,74457,­њІЎ,122D9,CUNEIFORM SIGN SHU2,РајРаЊРаЦРа╝РаЃ
­њІџ,74458,­њІџ,122DA,CUNEIFORM SIGN SHUBUR,РајРаЊРаЦРаЃРаЦРаЌ
­њІЏ,74459,­њІЏ,122DB,CUNEIFORM SIGN SI,РајРаі
­њІю,74460,­њІю,122DC,CUNEIFORM SIGN SI GUNU,РајРаі РаЏРаЦРаЮРаЦ
­њІЮ,74461,­њІЮ,122DD,CUNEIFORM SIGN SIG,РајРаіРаЏ
­њІъ,74462,­њІъ,122DE,CUNEIFORM SIGN SIG4,РајРаіРаЏРа╝РаЎ
­њІЪ,74463,­њІЪ,122DF,CUNEIFORM SIGN SIG4 OVER SIG4 SHU2,РајРаіРаЏРа╝РаЎРаљРаїРајРаіРаЏРа╝РаЎ РајРаЊРаЦРа╝РаЃ
­њІа,74464,­њІа,122,CUNEIFORM SIGN SIK2,РајРаіРаЁРа╝РаЃ
­њІА,74465,­њІА,1220,CUNEIFORM SIGN SILA3,РајРаіРаЄРаЂРа╝РаЅ
­њІб,74466,­њІб,12200,CUNEIFORM SIGN SU,РајРаЦ
­њІБ,74467,­њІБ,122000,CUNEIFORM SIGN SU OVER SU,РајРаЦРаљРаїРајРаЦ
­њІц,74468,­њІц,1220000,CUNEIFORM SIGN SUD,РајРаЦРаЎ
­њІЦ,74469,­њІЦ,12200000,CUNEIFORM SIGN SUD2,РајРаЦРаЎРа╝РаЃ
­њІд,74470,­њІд,122000000,CUNEIFORM SIGN SUHUR,РајРаЦРаЊРаЦРаЌ
­њІД,74471,­њІД,1220000000,CUNEIFORM SIGN SUM,РајРаЦРаЇ
­њІе,74472,­њІе,12200000000,CUNEIFORM SIGN SUMASH,РајРаЦРаЇРаЂРајРаЊ
­њІЕ,74473,­њІЕ,122000000000,CUNEIFORM SIGN SUR,РајРаЦРаЌ
­њІф,74474,­њІф,122EA,CUNEIFORM SIGN SUR9,РајРаЦРаЌРа╝Раі
­њІФ,74475,­њІФ,122EB,CUNEIFORM SIGN TA,РаъРаЂ
­њІг,74476,­њІг,122EC,CUNEIFORM SIGN TA ASTERISK,РаъРаЂРаљРад
­њІГ,74477,­њІГ,122ED,CUNEIFORM SIGN TA TIMES HI,РаъРаЂРаљРадРаЊРаі
­њІ«,74478,­њІ«,122EE,CUNEIFORM SIGN TA TIMES MI,РаъРаЂРаљРадРаЇРаі
­њІ»,74479,­њІ»,122EF,CUNEIFORM SIGN TA GUNU,РаъРаЂ РаЏРаЦРаЮРаЦ
­њІ░,74480,­њІ░,122F0,CUNEIFORM SIGN TAB,РаъРаЂРаЃ
­њІ▒,74481,­њІ▒,122F1,CUNEIFORM SIGN TAB OVER TAB NI OVER NI DISH OVER DISH,РаъРаЂРаЃРаљРаїРаъРаЂРаЃ РаЮРаіРаљРаїРаЮРаі РаЎРаіРајРаЊРаљРаїРаЎРаіРајРаЊ
­њІ▓,74482,­њІ▓,122F2,CUNEIFORM SIGN TAB SQUARED,РаъРаЂРаЃРаћРа╝РаЃ
­њІ│,74483,­њІ│,122F3,CUNEIFORM SIGN TAG,РаъРаЂРаЏ
­њІ┤,74484,­њІ┤,122F4,CUNEIFORM SIGN TAG TIMES BI,РаъРаЂРаЏРаљРадРаЃРаі
­њІх,74485,­њІх,122F5,CUNEIFORM SIGN TAG TIMES GUD,РаъРаЂРаЏРаљРадРаЏРаЦРаЎ
­њІХ,74486,­њІХ,122F6,CUNEIFORM SIGN TAG TIMES SHE,РаъРаЂРаЏРаљРадРајРаЊРаЉ
­њІи,74487,­њІи,122F7,CUNEIFORM SIGN TAG TIMES SHU,РаъРаЂРаЏРаљРадРајРаЊРаЦ
­њІИ,74488,­њІИ,122F8,CUNEIFORM SIGN TAG TIMES TUG2,РаъРаЂРаЏРаљРадРаъРаЦРаЏРа╝РаЃ
­њІ╣,74489,­њІ╣,122F9,CUNEIFORM SIGN TAG TIMES UD,РаъРаЂРаЏРаљРадРаЦРаЎ
­њІ║,74490,­њІ║,122FA,CUNEIFORM SIGN TAK4,РаъРаЂРаЁРа╝РаЎ
­њІ╗,74491,­њІ╗,122FB,CUNEIFORM SIGN TAR,РаъРаЂРаЌ
­њІ╝,74492,­њІ╝,122FC,CUNEIFORM SIGN TE,РаъРаЉ
­њІй,74493,­њІй,122FD,CUNEIFORM SIGN TE GUNU,РаъРаЉ РаЏРаЦРаЮРаЦ
­њІЙ,74494,­њІЙ,122FE,CUNEIFORM SIGN TI,РаъРаі
­њІ┐,74495,­њІ┐,122FF,CUNEIFORM SIGN TI TENU,РаъРаі РаъРаЉРаЮРаЦ
­њїђ,74496,­њїђ,12300,CUNEIFORM SIGN TIL,РаъРаіРаЄ
­њїЂ,74497,­њїЂ,12301,CUNEIFORM SIGN TIR,РаъРаіРаЌ
­њїѓ,74498,­њїѓ,12302,CUNEIFORM SIGN TIR TIMES TAK4,РаъРаіРаЌРаљРадРаъРаЂРаЁРа╝РаЎ
­њїЃ,74499,­њїЃ,12303,CUNEIFORM SIGN TIR OVER TIR,РаъРаіРаЌРаљРаїРаъРаіРаЌ
­њїё,74500,­њїё,12304,CUNEIFORM SIGN TIR OVER TIR GAD OVER GAD GAR OVER GAR,РаъРаіРаЌРаљРаїРаъРаіРаЌ РаЏРаЂРаЎРаљРаїРаЏРаЂРаЎ РаЏРаЂРаЌРаљРаїРаЏРаЂРаЌ
­њїЁ,74501,­њїЁ,12305,CUNEIFORM SIGN TU,РаъРаЦ
­њїє,74502,­њїє,12306,CUNEIFORM SIGN TUG2,РаъРаЦРаЏРа╝РаЃ
­њїЄ,74503,­њїЄ,12307,CUNEIFORM SIGN TUK,РаъРаЦРаЁ
­њїѕ,74504,­њїѕ,12308,CUNEIFORM SIGN TUM,РаъРаЦРаЇ
­њїЅ,74505,­њїЅ,12309,CUNEIFORM SIGN TUR,РаъРаЦРаЌ
­њїі,74506,­њїі,1230A,CUNEIFORM SIGN TUR OVER TUR ZA OVER ZA,РаъРаЦРаЌРаљРаїРаъРаЦРаЌ РахРаЂРаљРаїРахРаЂ
­њїІ,74507,­њїІ,1230B,CUNEIFORM SIGN U,РаЦ
­њїї,74508,­њїї,1230C,CUNEIFORM SIGN U GUD,РаЦ РаЏРаЦРаЎ
­њїЇ,74509,­њїЇ,1230D,CUNEIFORM SIGN U U U,РаЦ РаЦ РаЦ
­њїј,74510,­њїј,1230E,CUNEIFORM SIGN U OVER U PA OVER PA GAR OVER GAR,РаЦРаљРаїРаЦ РаЈРаЂРаљРаїРаЈРаЂ РаЏРаЂРаЌРаљРаїРаЏРаЂРаЌ
­њїЈ,74511,­њїЈ,1230F,CUNEIFORM SIGN U OVER U SUR OVER SUR,РаЦРаљРаїРаЦ РајРаЦРаЌРаљРаїРајРаЦРаЌ
­њїљ,74512,­њїљ,12310,CUNEIFORM SIGN U OVER U U REVERSED OVER U REVERSED,РаЦРаљРаїРаЦ РаЦРаѕРа»РаѕРаБРаљРаїРаЦРаѕРа»РаѕРаБ
­њїЉ,74513,­њїЉ,12311,CUNEIFORM SIGN U2,РаЦРа╝РаЃ
­њїњ,74514,­њїњ,12312,CUNEIFORM SIGN UB,РаЦРаЃ
­њїЊ,74515,­њїЊ,12313,CUNEIFORM SIGN UD,РаЦРаЎ
­њїћ,74516,­њїћ,12314,CUNEIFORM SIGN UD KUSHU2,РаЦРаЎ РаЁРаЦРајРаЊРаЦРа╝РаЃ
­њїЋ,74517,­њїЋ,12315,CUNEIFORM SIGN UD TIMES BAD,РаЦРаЎРаљРадРаЃРаЂРаЎ
­њїќ,74518,­њїќ,12316,CUNEIFORM SIGN UD TIMES MI,РаЦРаЎРаљРадРаЇРаі
­њїЌ,74519,­њїЌ,12317,CUNEIFORM SIGN UD TIMES U PLUS U PLUS U,РаЦРаЎРаљРадРаЦРаљРаќРаЦРаљРаќРаЦ
­њїў,74520,­њїў,12318,CUNEIFORM SIGN UD TIMES U PLUS U PLUS U GUNU,РаЦРаЎРаљРадРаЦРаљРаќРаЦРаљРаќРаЦ РаЏРаЦРаЮРаЦ
­њїЎ,74521,­њїЎ,12319,CUNEIFORM SIGN UD GUNU,РаЦРаЎ РаЏРаЦРаЮРаЦ
­њїџ,74522,­њїџ,1231A,CUNEIFORM SIGN UD SHESHIG,РаЦРаЎ РајРаЊРаЉРајРаЊРаіРаЏ
­њїЏ,74523,­њїЏ,1231B,CUNEIFORM SIGN UD SHESHIG TIMES BAD,РаЦРаЎ РајРаЊРаЉРајРаЊРаіРаЏРаљРадРаЃРаЂРаЎ
­њїю,74524,­њїю,1231C,CUNEIFORM SIGN UDUG,РаЦРаЎРаЦРаЏ
­њїЮ,74525,­њїЮ,1231D,CUNEIFORM SIGN UM,РаЦРаЇ
­њїъ,74526,­њїъ,1231E,CUNEIFORM SIGN UM TIMES LAGAB,РаЦРаЇРаљРадРаЄРаЂРаЏРаЂРаЃ
­њїЪ,74527,­њїЪ,1231F,CUNEIFORM SIGN UM TIMES ME PLUS DA,РаЦРаЇРаљРадРаЇРаЉРаљРаќРаЎРаЂ
­њїа,74528,­њїа,12320,CUNEIFORM SIGN UM TIMES SHA3,РаЦРаЇРаљРадРајРаЊРаЂРа╝РаЅ
­њїА,74529,­њїА,12321,CUNEIFORM SIGN UM TIMES U,РаЦРаЇРаљРадРаЦ
­њїб,74530,­њїб,12322,CUNEIFORM SIGN UMBIN,РаЦРаЇРаЃРаіРаЮ
­њїБ,74531,­њїБ,12323,CUNEIFORM SIGN UMUM,РаЦРаЇРаЦРаЇ
­њїц,74532,­њїц,12324,CUNEIFORM SIGN UMUM TIMES KASKAL,РаЦРаЇРаЦРаЇРаљРадРаЁРаЂРајРаЁРаЂРаЄ
­њїЦ,74533,­њїЦ,12325,CUNEIFORM SIGN UMUM TIMES PA,РаЦРаЇРаЦРаЇРаљРадРаЈРаЂ
­њїд,74534,­њїд,12326,CUNEIFORM SIGN UN,РаЦРаЮ
­њїД,74535,­њїД,12327,CUNEIFORM SIGN UN GUNU,РаЦРаЮ РаЏРаЦРаЮРаЦ
­њїе,74536,­њїе,12328,CUNEIFORM SIGN UR,РаЦРаЌ
­њїЕ,74537,­њїЕ,12329,CUNEIFORM SIGN UR CROSSING UR,РаЦРаЌРаѕРа»РаЦРаЌ
­њїф,74538,­њїф,1232A,CUNEIFORM SIGN UR SHESHIG,РаЦРаЌ РајРаЊРаЉРајРаЊРаіРаЏ
­њїФ,74539,­њїФ,1232B,CUNEIFORM SIGN UR2,РаЦРаЌРа╝РаЃ
­њїг,74540,­њїг,1232C,CUNEIFORM SIGN UR2 TIMES A PLUS HA,РаЦРаЌРа╝РаЃРаљРадРаЂРаљРаќРаЊРаЂ
­њїГ,74541,­њїГ,1232D,CUNEIFORM SIGN UR2 TIMES A PLUS NA,РаЦРаЌРа╝РаЃРаљРадРаЂРаљРаќРаЮРаЂ
­њї«,74542,­њї«,1232E,CUNEIFORM SIGN UR2 TIMES AL,РаЦРаЌРа╝РаЃРаљРадРаЂРаЄ
­њї»,74543,­њї»,1232F,CUNEIFORM SIGN UR2 TIMES HA,РаЦРаЌРа╝РаЃРаљРадРаЊРаЂ
­њї░,74544,­њї░,12330,CUNEIFORM SIGN UR2 TIMES NUN,РаЦРаЌРа╝РаЃРаљРадРаЮРаЦРаЮ
­њї▒,74545,­њї▒,12331,CUNEIFORM SIGN UR2 TIMES U2,РаЦРаЌРа╝РаЃРаљРадРаЦРа╝РаЃ
­њї▓,74546,­њї▓,12332,CUNEIFORM SIGN UR2 TIMES U2 PLUS ASH,РаЦРаЌРа╝РаЃРаљРадРаЦРа╝РаЃРаљРаќРаЂРајРаЊ
­њї│,74547,­њї│,12333,CUNEIFORM SIGN UR2 TIMES U2 PLUS BI,РаЦРаЌРа╝РаЃРаљРадРаЦРа╝РаЃРаљРаќРаЃРаі
­њї┤,74548,­њї┤,12334,CUNEIFORM SIGN UR4,РаЦРаЌРа╝РаЎ
­њїх,74549,­њїх,12335,CUNEIFORM SIGN URI,РаЦРаЌРаі
­њїХ,74550,­њїХ,12336,CUNEIFORM SIGN URI3,РаЦРаЌРаіРа╝РаЅ
­њїи,74551,­њїи,12337,CUNEIFORM SIGN URU,РаЦРаЌРаЦ
­њїИ,74552,­њїИ,12338,CUNEIFORM SIGN URU TIMES A,РаЦРаЌРаЦРаљРадРаЂ
­њї╣,74553,­њї╣,12339,CUNEIFORM SIGN URU TIMES ASHGAB,РаЦРаЌРаЦРаљРадРаЂРајРаЊРаЏРаЂРаЃ
­њї║,74554,­њї║,1233A,CUNEIFORM SIGN URU TIMES BAR,РаЦРаЌРаЦРаљРадРаЃРаЂРаЌ
­њї╗,74555,­њї╗,1233B,CUNEIFORM SIGN URU TIMES DUN,РаЦРаЌРаЦРаљРадРаЎРаЦРаЮ
­њї╝,74556,­њї╝,1233C,CUNEIFORM SIGN URU TIMES GA,РаЦРаЌРаЦРаљРадРаЏРаЂ
­њїй,74557,­њїй,1233D,CUNEIFORM SIGN URU TIMES GAL,РаЦРаЌРаЦРаљРадРаЏРаЂРаЄ
­њїЙ,74558,­њїЙ,1233E,CUNEIFORM SIGN URU TIMES GAN2 TENU,РаЦРаЌРаЦРаљРадРаЏРаЂРаЮРа╝РаЃ РаъРаЉРаЮРаЦ
­њї┐,74559,­њї┐,1233F,CUNEIFORM SIGN URU TIMES GAR,РаЦРаЌРаЦРаљРадРаЏРаЂРаЌ
­њЇђ,74560,­њЇђ,12340,CUNEIFORM SIGN URU TIMES GU,РаЦРаЌРаЦРаљРадРаЏРаЦ
­њЇЂ,74561,­њЇЂ,12341,CUNEIFORM SIGN URU TIMES HA,РаЦРаЌРаЦРаљРадРаЊРаЂ
­њЇѓ,74562,­њЇѓ,12342,CUNEIFORM SIGN URU TIMES IGI,РаЦРаЌРаЦРаљРадРаіРаЏРаі
­њЇЃ,74563,­њЇЃ,12343,CUNEIFORM SIGN URU TIMES IM,РаЦРаЌРаЦРаљРадРаіРаЇ
­њЇё,74564,­њЇё,12344,CUNEIFORM SIGN URU TIMES ISH,РаЦРаЌРаЦРаљРадРаіРајРаЊ
­њЇЁ,74565,­њЇЁ,12345,CUNEIFORM SIGN URU TIMES KI,РаЦРаЌРаЦРаљРадРаЁРаі
­њЇє,74566,­њЇє,12346,CUNEIFORM SIGN URU TIMES LUM,РаЦРаЌРаЦРаљРадРаЄРаЦРаЇ
­њЇЄ,74567,­њЇЄ,12347,CUNEIFORM SIGN URU TIMES MIN,РаЦРаЌРаЦРаљРадРаЇРаіРаЮ
­њЇѕ,74568,­њЇѕ,12348,CUNEIFORM SIGN URU TIMES PA,РаЦРаЌРаЦРаљРадРаЈРаЂ
­њЇЅ,74569,­њЇЅ,12349,CUNEIFORM SIGN URU TIMES SHE,РаЦРаЌРаЦРаљРадРајРаЊРаЉ
­њЇі,74570,­њЇі,1234A,CUNEIFORM SIGN URU TIMES SIG4,РаЦРаЌРаЦРаљРадРајРаіРаЏРа╝РаЎ
­њЇІ,74571,­њЇІ,1234B,CUNEIFORM SIGN URU TIMES TU,РаЦРаЌРаЦРаљРадРаъРаЦ
­њЇї,74572,­њЇї,1234C,CUNEIFORM SIGN URU TIMES U PLUS GUD,РаЦРаЌРаЦРаљРадРаЦРаљРаќРаЏРаЦРаЎ
­њЇЇ,74573,­њЇЇ,1234D,CUNEIFORM SIGN URU TIMES UD,РаЦРаЌРаЦРаљРадРаЦРаЎ
­њЇј,74574,­њЇј,1234E,CUNEIFORM SIGN URU TIMES URUDA,РаЦРаЌРаЦРаљРадРаЦРаЌРаЦРаЎРаЂ
­њЇЈ,74575,­њЇЈ,1234F,CUNEIFORM SIGN URUDA,РаЦРаЌРаЦРаЎРаЂ
­њЇљ,74576,­њЇљ,12350,CUNEIFORM SIGN URUDA TIMES U,РаЦРаЌРаЦРаЎРаЂРаљРадРаЦ
­њЇЉ,74577,­њЇЉ,12351,CUNEIFORM SIGN USH,РаЦРајРаЊ
­њЇњ,74578,­њЇњ,12352,CUNEIFORM SIGN USH TIMES A,РаЦРајРаЊРаљРадРаЂ
­њЇЊ,74579,­њЇЊ,12353,CUNEIFORM SIGN USH TIMES KU,РаЦРајРаЊРаљРадРаЁРаЦ
­њЇћ,74580,­њЇћ,12354,CUNEIFORM SIGN USH TIMES KUR,РаЦРајРаЊРаљРадРаЁРаЦРаЌ
­њЇЋ,74581,­њЇЋ,12355,CUNEIFORM SIGN USH TIMES TAK4,РаЦРајРаЊРаљРадРаъРаЂРаЁРа╝РаЎ
­њЇќ,74582,­њЇќ,12356,CUNEIFORM SIGN USHX,РаЦРајРаЊРаГ
­њЇЌ,74583,­њЇЌ,12357,CUNEIFORM SIGN USH2,РаЦРајРаЊРа╝РаЃ
­њЇў,74584,­њЇў,12358,CUNEIFORM SIGN USHUMX,РаЦРајРаЊРаЦРаЇРаГ
­њЇЎ,74585,­њЇЎ,12359,CUNEIFORM SIGN UTUKI,РаЦРаъРаЦРаЁРаі
­њЇџ,74586,­њЇџ,1235A,CUNEIFORM SIGN UZ3,РаЦРахРа╝РаЅ
­њЇЏ,74587,­њЇЏ,1235B,CUNEIFORM SIGN UZ3 TIMES KASKAL,РаЦРахРа╝РаЅРаљРадРаЁРаЂРајРаЁРаЂРаЄ
­њЇю,74588,­њЇю,1235C,CUNEIFORM SIGN UZU,РаЦРахРаЦ
­њЇЮ,74589,­њЇЮ,1235D,CUNEIFORM SIGN ZA,РахРаЂ
­њЇъ,74590,­њЇъ,1235E,CUNEIFORM SIGN ZA TENU,РахРаЂ РаъРаЉРаЮРаЦ
­њЇЪ,74591,­њЇЪ,1235F,CUNEIFORM SIGN ZA SQUARED TIMES KUR,РахРаЂРаћРа╝РаЃРаљРадРаЁРаЦРаЌ
­њЇа,74592,­њЇа,12360,CUNEIFORM SIGN ZAG,РахРаЂРаЏ
­њЇА,74593,­њЇА,12361,CUNEIFORM SIGN ZAMX,РахРаЂРаЇРаГ
­њЇб,74594,­њЇб,12362,CUNEIFORM SIGN ZE2,РахРаЉРа╝РаЃ
­њЇБ,74595,­њЇБ,12363,CUNEIFORM SIGN ZI,РахРаі
­њЇц,74596,­њЇц,12364,CUNEIFORM SIGN ZI OVER ZI,РахРаіРаљРаїРахРаі
­њЇЦ,74597,­њЇЦ,12365,CUNEIFORM SIGN ZI3,РахРаіРа╝РаЅ
­њЇд,74598,­њЇд,12366,CUNEIFORM SIGN ZIB,РахРаіРаЃ
­њЇД,74599,­њЇД,12367,CUNEIFORM SIGN ZIB KABA TENU,РахРаіРаЃ РаЁРаЂРаЃРаЂ РаъРаЉРаЮРаЦ
­њЇе,74600,­њЇе,12368,CUNEIFORM SIGN ZIG,РахРаіРаЏ
­њЇЕ,74601,­њЇЕ,12369,CUNEIFORM SIGN ZIZ2,РахРаіРахРа╝РаЃ
­њЇф,74602,­њЇф,1236A,CUNEIFORM SIGN ZU,РахРаЦ
­њЇФ,74603,­њЇФ,1236B,CUNEIFORM SIGN ZU5,РахРаЦРа╝РаЉ
­њЇг,74604,­њЇг,1236C,CUNEIFORM SIGN ZU5 TIMES A,РахРаЦРа╝РаЉРаљРадРаЂ
­њЇГ,74605,­њЇГ,1236D,CUNEIFORM SIGN ZUBUR,РахРаЦРаЃРаЦРаЌ
­њЇ«,74606,­њЇ«,1236E,CUNEIFORM SIGN ZUM,РахРаЦРаЇ
­њЇ»,74607,­њЇ»,1236F,CUNEIFORM SIGN KAP ELAMITE,РаЁРаЂРаЈ РаЉРаЄРаЂРаЇРаіРаъРаЉ
­њЇ░,74608,­њЇ░,12370,CUNEIFORM SIGN AB TIMES NUN,РаЂРаЃРаљРадРаЮРаЦРаЮ
­њЇ▒,74609,­њЇ▒,12371,CUNEIFORM SIGN AB2 TIMES A,РаЂРаЃРа╝РаЃРаљРадРаЂ
­њЇ▓,74610,­њЇ▓,12372,CUNEIFORM SIGN AMAR TIMES KUG,РаЂРаЇРаЂРаЌРаљРадРаЁРаЦРаЏ
­њЇ│,74611,­њЇ│,12373,CUNEIFORM SIGN DAG KISIM5 TIMES U2 PLUS MASH,РаЎРаЂРаЏ РаЁРаіРајРаіРаЇРа╝РаЉРаљРадРаЦРа╝РаЃРаљРаќРаЇРаЂРајРаЊ
­њЇ┤,74612,­њЇ┤,12374,CUNEIFORM SIGN DAG3,РаЎРаЂРаЏРа╝РаЅ
­њЇх,74613,­њЇх,12375,CUNEIFORM SIGN DISH PLUS SHU,РаЎРаіРајРаЊРаљРаќРајРаЊРаЦ
­њЇХ,74614,­њЇХ,12376,CUNEIFORM SIGN DUB TIMES SHE,РаЎРаЦРаЃРаљРадРајРаЊРаЉ
­њЇи,74615,­њЇи,12377,CUNEIFORM SIGN EZEN TIMES GUD,РаЉРахРаЉРаЮРаљРадРаЏРаЦРаЎ
­њЇИ,74616,­њЇИ,12378,CUNEIFORM SIGN EZEN TIMES SHE,РаЉРахРаЉРаЮРаљРадРајРаЊРаЉ
­њЇ╣,74617,­њЇ╣,12379,CUNEIFORM SIGN GA2 TIMES AN PLUS KAK PLUS A,РаЏРаЂРа╝РаЃРаљРадРаЂРаЮРаљРаќРаЁРаЂРаЁРаљРаќРаЂ
­њЇ║,74618,­њЇ║,1237A,CUNEIFORM SIGN GA2 TIMES ASH2,РаЏРаЂРа╝РаЃРаљРадРаЂРајРаЊРа╝РаЃ
­њЇ╗,74619,­њЇ╗,1237B,CUNEIFORM SIGN GE22,РаЏРаЉРа╝РаЃРа╝РаЃ
­њЇ╝,74620,­њЇ╝,1237C,CUNEIFORM SIGN GIG,РаЏРаіРаЏ
­њЇй,74621,­њЇй,1237D,CUNEIFORM SIGN HUSH,РаЊРаЦРајРаЊ
­њЇЙ,74622,­њЇЙ,1237E,CUNEIFORM SIGN KA TIMES ANSHE,РаЁРаЂРаљРадРаЂРаЮРајРаЊРаЉ
­њЇ┐,74623,­њЇ┐,1237F,CUNEIFORM SIGN KA TIMES ASH3,РаЁРаЂРаљРадРаЂРајРаЊРа╝РаЅ
­њјђ,74624,­њјђ,12380,CUNEIFORM SIGN KA TIMES GISH,РаЁРаЂРаљРадРаЏРаіРајРаЊ
­њјЂ,74625,­њјЂ,12381,CUNEIFORM SIGN KA TIMES GUD,РаЁРаЂРаљРадРаЏРаЦРаЎ
­њјѓ,74626,­њјѓ,12382,CUNEIFORM SIGN KA TIMES HI TIMES ASH2,РаЁРаЂРаљРадРаЊРаіРаљРадРаЂРајРаЊРа╝РаЃ
­њјЃ,74627,­њјЃ,12383,CUNEIFORM SIGN KA TIMES LUM,РаЁРаЂРаљРадРаЄРаЦРаЇ
­њјё,74628,­њјё,12384,CUNEIFORM SIGN KA TIMES PA,РаЁРаЂРаљРадРаЈРаЂ
­њјЁ,74629,­њјЁ,12385,CUNEIFORM SIGN KA TIMES SHUL,РаЁРаЂРаљРадРајРаЊРаЦРаЄ
­њјє,74630,­њјє,12386,CUNEIFORM SIGN KA TIMES TU,РаЁРаЂРаљРадРаъРаЦ
­њјЄ,74631,­њјЄ,12387,CUNEIFORM SIGN KA TIMES UR2,РаЁРаЂРаљРадРаЦРаЌРа╝РаЃ
­њјѕ,74632,­њјѕ,12388,CUNEIFORM SIGN LAGAB TIMES GI,РаЄРаЂРаЏРаЂРаЃРаљРадРаЏРаі
­њјЅ,74633,­њјЅ,12389,CUNEIFORM SIGN LU2 SHESHIG TIMES BAD,РаЄРаЦРа╝РаЃ РајРаЊРаЉРајРаЊРаіРаЏРаљРадРаЃРаЂРаЎ
­њјі,74634,­њјі,1238A,CUNEIFORM SIGN LU2 TIMES ESH2 PLUS LAL,РаЄРаЦРа╝РаЃРаљРадРаЉРајРаЊРа╝РаЃРаљРаќРаЄРаЂРаЄ
­њјІ,74635,­њјІ,1238B,CUNEIFORM SIGN LU2 TIMES SHU,РаЄРаЦРа╝РаЃРаљРадРајРаЊРаЦ
­њјї,74636,­њјї,1238C,CUNEIFORM SIGN MESH,РаЇРаЉРајРаЊ
­њјЇ,74637,­њјЇ,1238D,CUNEIFORM SIGN MUSH3 TIMES ZA,РаЇРаЦРајРаЊРа╝РаЅРаљРадРахРаЂ
­њјј,74638,­њјј,1238E,CUNEIFORM SIGN NA4,РаЮРаЂРа╝РаЎ
­њјЈ,74639,­њјЈ,1238F,CUNEIFORM SIGN NIN,РаЮРаіРаЮ
­њјљ,74640,­њјљ,12390,CUNEIFORM SIGN NIN9,РаЮРаіРаЮРа╝Раі
­њјЉ,74641,­њјЉ,12391,CUNEIFORM SIGN NINDA2 TIMES BAL,РаЮРаіРаЮРаЎРаЂРа╝РаЃРаљРадРаЃРаЂРаЄ
­њјњ,74642,­њјњ,12392,CUNEIFORM SIGN NINDA2 TIMES GI,РаЮРаіРаЮРаЎРаЂРа╝РаЃРаљРадРаЏРаі
­њјЊ,74643,­њјЊ,12393,CUNEIFORM SIGN NU11 ROTATED NINETY DEGREES,РаЮРаЦРа╝РаЂРа╝РаЂРаеРа┤
­њјћ,74644,­њјћ,12394,CUNEIFORM SIGN PESH2 ASTERISK,РаЈРаЉРајРаЊРа╝РаЃРаљРад
­њјЋ,74645,­њјЋ,12395,CUNEIFORM SIGN PIR2,РаЈРаіРаЌРа╝РаЃ
­њјќ,74646,­њјќ,12396,CUNEIFORM SIGN SAG TIMES IGI GUNU,РајРаЂРаЏРаљРадРаіРаЏРаі РаЏРаЦРаЮРаЦ
­њјЌ,74647,­њјЌ,12397,CUNEIFORM SIGN TI2,РаъРаіРа╝РаЃ
­њјў,74648,­њјў,12398,CUNEIFORM SIGN UM TIMES ME,РаЦРаЇРаљРадРаЇРаЉ
­њјЎ,74649,­њјЎ,12399,CUNEIFORM SIGN U,РаЦ
