URL,Text
/bibletech/,BibleTech
/bibletech/,Home
/bibletech/2017/05/03/typing-in-hebrew/,← Previous Post
/bibletech/2017/07/27/unicode-hebrew-fonts/,Next Post →
/bibletech/about/,About
/bibletech/contact/,Contact
/bibletech/feed.xml,
/bibletech/projects/,Projects
http://en.foursenses.net/textcriticismsigns,http://en.foursenses.net/textcriticismsigns
http://ntresources.com/blog/?p=774,http://ntresources.com/blog/?p=774
http://ntresources.com/blog/?page_id=3285,http://ntresources.com/blog/?page_id=3285
http://scripts.sil.org/cms/scripts/page.php?item_id=ApparatusSIL,ApparatusSIL
http://scripts.sil.org/cms/scripts/render_download.php?format=file&media_id=ApparatusSIL_ViewGlyph&filename=ApparatusSIL_ViewGlyph.pdf,ApparatusSIL glyph pdf
http://www.unicode.org/charts/PDF/U2E00.pdf,http://www.unicode.org/charts/PDF/U2E00.pdf
https://evangelicaltextualcriticism.blogspot.co.za/2010/02/2135.html,https://evangelicaltextualcriticism.blogspot.co.za/2010/02/2135.html
https://github.com/jcuenod,
https://github.com/jcuenod/bibletech,source
https://jcuenod.github.io/bibletech/img/text-critical-marks-unicode.jpg,https://jcuenod.github.io/bibletech/img/text-critical-marks-unicode.jpg
https://parabible.com,https://parabible.com
https://stackoverflow.com/users/123415,
https://twitter.com/jamescuenod,
https://wheaton.academia.edu/JamesCuénod,
