Character,Hex,AmericanTranslitteration,Logic,Type,Name,Braille
ğ’€€,12000,A,839,letter,DU23,DU23
ğ’€,12001,AxA,845,letter,EDURU,EDURU
ğ’€‚,12002,AxBAD,840,letter,AGAM,AGAM
ğ’€ƒ,12003,AxGAN2tenÃ»,238,letter,AxGAN2tenÃ»,AxGAN2tenÃ»
ğ’€„,12004,Axá¸ªA,238,letter,ZAá¸ª3,ZAá¸ª3
ğ’€…,12005,AxIGI,238,letter,ÃR,ÃR
ğ’€†,12006,AxLAGARgunÃ»,843,letter,AxLAGARgunÃ»,AxLAGARgunÃ»
ğ’€‡,12007,AxMUÅ ,842,letter,AxMUÅ ,AxMUÅ 
ğ’€ˆ,12008,AxSAG,238,letter,AxSAG,AxSAG
ğ’€‰,12009,A2,ED,letter,ED,ED
ğ’€Š,1200A,AB,238,letter,ABBA,ABBA
ğ’€‹,1200B,ABxAÅ 2,238,letter,ABxAÅ 2,ABxAÅ 2
ğ’€Œ,1200C,ABxDUN3gunÃ»,238,letter,ABxDUN3gunÃ»,ABxDUN3gunÃ»
ğ’€,1200D,ABxGAL,238,letter,IRIGAL,IRIGAL
ğ’€,1200E,ABxGAN2tenÃ»,238,letter,ABxGAN2tenÃ»,ABxGAN2tenÃ»
ğ’€,1200F,ABxá¸ªA,238,letter,NINA,NINA
ğ’€,12010,ABxIGIgunÃ»,238,letter,ABxIGIgunÃ»,ABxIGIgunÃ»
ğ’€‘,12011,ABxIMIN,238,letter,ABxIMIN,ABxIMIN
ğ’€’,12012,ABxLAGAB,238,letter,ABxLAGAB,ABxLAGAB
ğ’€“,12013,ABxÅ EÅ ,238,letter,ABxÅ EÅ ,ABxÅ EÅ 
ğ’€”,12014,ABxU+U+U,238,letter,UNUG,UNUG
ğ’€•,12015,ABgunÃ»,238,letter,ABgunÃ»,ABgunÃ»
ğ’€–,12016,AB2,672,letter,LID,LID
ğ’€—,12017,AB2xBALAG,238,letter,LILIZ,LILIZ
ğ’€˜,12018,AB2xGAN2tenÃ»,238,letter,KIR6,KIR6
ğ’€™,12019,AB2xME+EN,238,letter,AB2xME+EN,AB2xME+EN
ğ’€š,1201A,AB2xÅ A3,238,letter,LIBIÅ ,LIBIÅ 
ğ’€›,1201B,AB2xTAK4,238,letter,AB2xTAK4,AB2xTAK4
ğ’€œ,1201C,AD,238,letter,ADDA,ADDA
ğ’€,1201D,AK,238,letter,AG,AG
ğ’€,1201E,AKxERIN2,238,letter,ME3,ME3
ğ’€Ÿ,1201F,AKxÅ ITA+GIÅ ,238,letter,AKxÅ ITA+GIÅ ,AKxÅ ITA+GIÅ 
ğ’€ ,12020,AL,238,letter,AL,AL
ğ’€¡,12021,ALxAL,238,letter,ALxAL,ALxAL
ğ’€¢,12022,ALxDIM2,238,letter,ALxDIM2,ALxDIM2
ğ’€£,12023,ALxGIÅ ,238,letter,ALxGIÅ ,ALxGIÅ 
ğ’€¤,12024,ALxá¸ªA,238,letter,ALxá¸ªA,ALxá¸ªA
ğ’€¥,12025,ALxKAD3,238,letter,ALxKAD3,ALxKAD3
ğ’€¦,12026,ALxKI,238,letter,ALxKI,ALxKI
ğ’€§,12027,ALxÅ E,238,letter,IL,IL
ğ’€¨,12028,ALxUÅ ,238,letter,ALxUÅ ,ALxUÅ 
ğ’€©,12029,ALAN,238,letter,ALAN,ALAN
ğ’€«,1202B,AMAR,238,letter,ZUR,ZUR
ğ’€¬,1202C,AMARxÅ E,238,letter,SISKUR,SISKUR
ğ’€­,1202D,AN,238,letter,AN,AN
ğ’€®,1202E,AN/AN,238,letter,AN/AN,AN/AN
ğ’€¯,1202F,ANthreetimes,238,letter,MUL,MUL
ğ’€°,12030,AN+NAGAopposingAN+NAGA,238,letter,AN+NAGAopposingAN+NAGA,AN+NAGAopposingAN+NAGA
ğ’€±,12031,AN+NAGAsquared,238,letter,DNAGA,DNAGA
ğ’€²,12032,ANÅ E,238,letter,donkey,donkey
ğ’€³,12033,APIN,238,letter,Ã€BSIN,Ã€BSIN
ğ’€´,12034,ARAD,238,letter,ARAD,ARAD
ğ’€µ,12035,ARADxKUR,238,letter,ARADxKUR,ARADxKUR
ğ’€¶,12036,ARKAB,238,letter,NIG2 ,NIG2
ğ’€·,12037,ASAL2,238,letter,ASAL2,ASAL2
ğ’€¸,12038,AÅ ,238,letter,DILI,DILI
ğ’€¹,12039,AÅ ZIDAtenÃ»,575,letter,DIÅ tenÃ»,DIÅ tenu
ğ’€º,1203A,AÅ KABAtenÃ»,238,letter,AÅ KABAtenu,AÅ KABAtenu
ğ’€»,1203B,AÅ /AÅ TUG2/TUG2,238,letter,AÅ TUG2/TUG2,AÅ TUG2/TUG2
ğ’€¼,1203C,AÅ /AÅ /AÅ ,238,letter,EÅ 16,EÅ 16
ğ’€½,1203D,AÅ /AÅ /AÅ crossingAÅ /AÅ /AÅ ,238,letter,Å UÅ UR2,Å UÅ UR2
ğ’€¾,1203E,AÅ 2,238,letter,AÅ 2,AÅ 2
ğ’€¿,1203F,AÅ GAB,238,letter,AÅ GAB,AÅ GAB
ğ’€,12040,BA,238,letter,porridge,porridge
ğ’,12041,BAD,238,letter,BAD,BAD
ğ’‚,12042,BAG3,238,letter,BAG3,BAG3
ğ’ƒ,12043,BAá¸ªAR2,238,letter,BAá¸ªAR2,BAá¸ªAR2
ğ’„,12044,BAL,238,letter,BAL,BAL
ğ’…,12045,BAL/BAL,238,letter,BAL/BAL,BAL/BAL
ğ’†,12046,BALAG,238,letter,DUB2,DUB2
ğ’‡,12047,BAR,238,letter,BAR,BAR
ğ’ˆ,12048,BARA2,238,letter,BARAG,BARAG
ğ’‰,12049,BI,238,letter,BE2,BE2
ğ’Š,1204A,BIxA,238,letter,BIxA,BIxA
ğ’‹,1204B,BIxGAR,238,letter,BIxGAR,BIxGAR
ğ’Œ,1204C,BIxIGIgunÃ»,238,letter,BIxIGIgunÃ»,BIxIGIgunÃ»
ğ’,1204D,BU,238,letter,GID2,GID2
ğ’,1204E,BU/BUAB,238,letter,BU/BUAB,BU/BUAB
ğ’,1204F,BU/BUUN,238,letter,BU/BUUN,BU/BUUN
ğ’,12050,BUcrossingBU,238,letter,BUcrossingBU,BUcrossingBU
ğ’‘,12051,BULUG,238,letter,BULUG,BULUG
ğ’’,12052,BULUG/BULUG,238,letter,BULUG/BULUG,BULUG/BULUG
ğ’“,12053,BUR,559,letter,NIG2gunÃ»,NIG2gunÃ»
ğ’”,12054,BUR2,238,letter,DU9,DU9
ğ’•,12055,DA,238,letter,DU20,DU20
ğ’–,12056,DAG,238,letter,PAR3,PAR3
ğ’—,12057,DAGKISIM5xA+MAÅ ,238,letter,DAGKISIM5xA+MAÅ ,DAGKISIM5xA+MAÅ 
ğ’˜,12058,DAGKISIM5xAMAR,238,letter,DAGKISIM5xAMAR,DAGKISIM5xAMAR
ğ’™,12059,DAGKISIM5xBALAG,238,letter,DAGKISIM5xBALAG,DAGKISIM5xBALAG
ğ’š,1205A,DAGKISIM5xBI,238,letter,DAGKISIM5xBI,DAGKISIM5xBI
ğ’›,1205B,DAGKISIM5xGA,238,letter,UBUR,UBUR
ğ’œ,1205C,DAGKISIM5xGA+MAÅ ,238,letter,DAGKISIM5xGA+MAÅ ,DAGKISIM5xGA+MAÅ 
ğ’,1205D,DAGKISIM5xGI,238,letter,DAGKISIM5xGI,DAGKISIM5xGI
ğ’,1205E,DAGKISIM5xGIR2,238,letter,KIÅ I8,KIÅ I8
ğ’Ÿ,1205F,DAGKISIM5xGUD,238,letter,UTUL5,UTUL5
ğ’ ,12060,DAGKISIM5xá¸ªA,238,letter,DAGKISIM5xá¸ªA,DAGKISIM5xá¸ªA
ğ’¡,12061,DAGKISIM5xIR,238,letter,UBUR3,UBUR3
ğ’¢,12062,DAGKISIM5xIR+LU,238,letter,UBUR4,UBUR4
ğ’£,12063,DAGKISIM5xKAK,238,letter,DAGKISIM5xKAK,DAGKISIM5xKAK
ğ’¤,12064,DAGKISIM5xLA,238,letter,DAGKISIM5xLA,DAGKISIM5xLA
ğ’¥,12065,DAGKISIM5xLU,238,letter,UBUR2,UBUR2
ğ’¦,12066,DAGKISIM5xLU+MAÅ 2,238,letter,AMAÅ ,AMAÅ 
ğ’§,12067,DAGKISIM5xLUM,238,letter,DAGKISIM5xLUM,DAGKISIM5xLUM
ğ’¨,12068,DAGKISIM5xNE,238,letter,DAGKISIM5xNE,DAGKISIM5xNE
ğ’©,12069,DAGKISIM5xPAP+PAP,238,letter,DAGKISIM5xPAP+PAP,DAGKISIM5xPAP+PAP
ğ’ª,1206A,DAGKISIM5xSI,238,letter,DAGKISIM5xSI,DAGKISIM5xSI
ğ’«,1206B,DAGKISIM5xTAK4,238,letter,DAGKISIM5xTAK4,DAGKISIM5xTAK4
ğ’¬,1206C,DAGKISIM5xU2+GIR2,238,letter,DAGKISIM5xU2+GIR2,DAGKISIM5xU2+GIR2
ğ’­,1206D,DAGKISIM5xUÅ ,238,letter,DAGKISIM5xUÅ ,DAGKISIM5xUÅ 
ğ’®,1206E,DAM,238,letter,DAM,DAM
ğ’¯,1206F,DAR,238,letter,GUN3,GUN3
ğ’°,12070,DARA3,166,letter,ibex,ibex
ğ’±,12071,DARA4,817,letter,DARA4,DARA4
ğ’²,12072,DI,736,letter,DE,DE
ğ’³,12073,DIB,813,letter,DAB,DAB
ğ’´,12074,DIM,167,letter,DIM,DIM
ğ’µ,12075,DIMxÅ E,168,letter,MUN,MUN
ğ’¶,12076,DIM2,686,letter,DEM2,DEM2
ğ’·,12077,DIN,119,letter,DAN5,DAN5
ğ’¸,12078,DINKASKALUgunÃ»DIÅ ,148,letter,DINKASKALUgunÃ»DIÅ ,DINKASKALUgunÃ»DIÅ 
ğ’¹,12079,DIÅ ,748,letter,NIGIDA,NIGIDA
ğ’º,1207A,DU,350,letter,du,du
ğ’»,1207B,DU/DU,350,letter,RE7,RE7
ğ’¼,1207C,DUgunÃ»,351,letter,GIR6,GIR6
ğ’½,1207D,DUÅ¡eÅ¡ig,352,letter,GIR5,GIR5
ğ’¾,1207E,DUB,242,letter,KIÅ IB3,KIÅ IB3
ğ’¿,1207F,DUBxEÅ 2,238,letter,DUBxEÅ 2,DUBxEÅ 2
ğ’‚€,12080,DUB2,238,letter,DUB2,DUB2
ğ’‚,12081,DUG,499,letter,BIxA,BIxA
ğ’‚‚,12082,DUGUD,704,letter,DUGUD,DUGUD
ğ’‚ƒ,12083,DUá¸ª,298GAB,letter,DUá¸ª,DUá¸ª
ğ’‚„,12084,DUN,744,letter,Å UL,Å UL
ğ’‚…,12085,DUN3,836,letter,DU5,DU5
ğ’‚†,12086,DUN3gunÃ»,128,letter,DUN3gunÃ»,DUN3gunÃ»
ğ’‚‡,12087,DUN3gunÃ»gunÃ»,128,letter,MIR,MIR
ğ’‚ˆ,12088,DUN4,557,letter,DUL4,DUL4
ğ’‚‰,12089,DUR2,808,letter,DURU2,DURU2
ğ’‚Š,1208A,E,498,letter,E,E
ğ’‚‹,1208B,ExPAP,238,letter,ExPAP,ExPAP
ğ’‚Œ,1208C,E/ENUN/NUN,238,letter,E/ENUN/NUN,E/ENUN/NUN
ğ’‚,1208D,E2,495,letter,E2,E2
ğ’‚,1208E,E2xA+á¸ªA+DA,238,letter,E2xA+á¸ªA+DA,E2xA+á¸ªA+DA
ğ’‚,1208F,E2xGAR,238,letter,E2xGAR,E2xGAR
ğ’‚,12090,E2xMI,238,letter,E2xMI,E2xMI
ğ’‚‘,12091,E2xSAL,128,letter,E2xSAL,E2xSAL
ğ’‚’,12092,E2xÅ E,238,letter,E2xÅ E,E2xÅ E
ğ’‚“,12093,E2xU,238,letter,E2xU,E2xU
ğ’‚”,12094,EDIN,300,letter,EDEN,EDEN
ğ’‚•,12095,EGIR,356,letter,EGIR,EGIR
ğ’‚–,12096,EL,899,letter,SIKIL,SIKIL
ğ’‚—,12097,EN,164,letter,EN,EN
ğ’‚˜,12098,ENxGAN2,165,letter,BURU14,BURU14
ğ’‚™,12099,ENxGAN2tenÃ»,238,letter,ENxGAN2tenÃ»,ENxGAN2tenÃ»
ğ’‚š,1209A,ENxME,164lig2,letter,ENxME,ENxME
ğ’‚›,1209B,ENcrossingEN,238,letter,ENcrossingEN,ENcrossingEN
ğ’‚œ,1209C,ENopposingEN,238,letter,ENopposingEN,ENopposingEN
ğ’‚,1209D,ENsquared,238,letter,ENsquared,ENsquared
ğ’‚,1209E,EREN,818,letter,EREN,EREN
ğ’‚Ÿ,1209F,ERIN2,612,letter,ERIM,ERIM
ğ’‚ ,120A0,EÅ 2,810,letter,Å E3,Å E3
ğ’‚¡,120A1,EZEN,271,letter,IZIN,IZIN
ğ’‚¢,120A2,EZENxA,288,letter,EZENxA,EZENxA
ğ’‚£,120A3,EZENxA+LAL,289,letter,SIL7,SIL7
ğ’‚¤,120A4,EZENxA+LALxLAL,290,letter,ASILAL4,ASILAL4
ğ’‚¥,120A5,EZENxAN,238,letter,EZENxAN,EZENxAN
ğ’‚¦,120A6,EZENxBAD,275,letter,UG5,UG5
ğ’‚§,120A7,EZENxDUN3gunÃ»,287,letter,EZENxDUN3gunÃ»,EZENxDUN3gunÃ»
ğ’‚¨,120A8,EZENxDUN3gunÃ»gunÃ»,238,letter,EZENxDUN3gunÃ»gunÃ»,EZENxDUN3gunÃ»gunÃ»
ğ’‚©,120A9,EZENxá¸ªA,291,letter,EZENxá¸ªA,EZENxá¸ªA
ğ’‚ª,120AA,EZENxá¸ªAgunÃ»,238,letter,EZENxá¸ªAgunÃ»,EZENxá¸ªAgunÃ»
ğ’‚«,120AB,EZENxIGIgunÃ»,238,letter,EZENxIGIgunÃ»,EZENxIGIgunÃ»
ğ’‚¬,120AC,EZENxKASKAL,277,letter,EZENxKASKAL,EZENxKASKAL
ğ’‚­,120AD,EZENxKASKALsquared,238,letter,EZENxKASKALsquared,EZENxKASKALsquared
ğ’‚®,120AE,EZENxKU3,284,letter,EZENxKU3,EZENxKU3
ğ’‚¯,120AF,EZENxLA,274,letter,EZENxLA,EZENxLA
ğ’‚°,120B0,EZENxLALxLAL,238,letter,EZENxLALxLAL,EZENxLALxLAL
ğ’‚±,120B1,EZENxLI,273,letter,EZENxLI,EZENxLI
ğ’‚²,120B2,EZENxLU,286,letter,EZENxLU,EZENxLU
ğ’‚³,120B3,EZENxU2,279,letter,EZENxU2,EZENxU2
ğ’‚´,120B4,EZENxUD,283,letter,EZENxUD,EZENxUD
ğ’‚µ,120B5,GA,491,letter,GA,GA
ğ’‚¶,120B6,GAgunÃ»,492,letter,GAgunÃ»,GAgunÃ»
ğ’‚·,120B7,GA2,387,letter,GA2,GA2
ğ’‚¸,120B8,GA2xA+DA+á¸ªA,428,letter,GA2xA+DA+á¸ªA,GA2xA+DA+á¸ªA
ğ’‚¹,120B9,GA2xA+á¸ªA,238,letter,GA2xA+á¸ªA,GA2xA+á¸ªA
ğ’‚º,120BA,GA2xA+IGI,429,letter,GA2xA+IGI,GA2xA+IGI
ğ’‚»,120BB,GA2xAB2tenÃ»+TAB,423?,letter,GA2xAB2tenÃ»+TAB,GA2xAB2tenÃ»+TAB
ğ’‚¼,120BC,GA2xAN,392,letter,AMA,AMA
ğ’‚½,120BD,GA2xAÅ ,389,letter,GA2xAÅ ,GA2xAÅ 
ğ’‚¾,120BE,GA2xAÅ 2+GAL,414,letter,GA2xAÅ 2+GAL,GA2xAÅ 2+GAL
ğ’‚¿,120BF,GA2xBAD,395,letter,GA2xBAD,GA2xBAD
ğ’ƒ€,120C0,GA2xBAR+RA,238,letter,GA2xBAR+RA,GA2xBAR+RA
ğ’ƒ,120C1,GA2xBUR,238,letter,GA2xBUR,GA2xBUR
ğ’ƒ‚,120C2,GA2xBUR+RA,415,letter,GA2xBUR+RA,GA2xBUR+RA
ğ’ƒƒ,120C3,GA2xDA,416,letter,GA2xDA,GA2xDA
ğ’ƒ„,120C4,GA2xDI,425,letter,GA2xDI,GA2xDI
ğ’ƒ…,120C5,GA2xDIMxÅ E,401,letter,GA2xDIMxÅ E,GA2xDIMxÅ E
ğ’ƒ†,120C6,GA2xDUB,403,letter,GA2xDUB,GA2xDUB
ğ’ƒ‡,120C7,GA2xEL,238,letter,GA2xEL,GA2xEL
ğ’ƒˆ,120C8,GA2xEL+LA,433,letter,GA2xEL+LA,GA2xEL+LA
ğ’ƒ‰,120C9,GA2xEN,399,letter,GA2xEN,GA2xEN
ğ’ƒŠ,120CA,GA2xENxGAN2tenÃ»,400,letter,GA2xBURU14,GA2xBURU14
ğ’ƒ‹,120CB,GA2xGAN2tenÃ»,402,letter,GA2xGAN2tenÃ»,GA2xGAN2tenÃ»
ğ’ƒŒ,120CC,GA2xGAR,431,letter,GALGA,GALGA
ğ’ƒ,120CD,GA2xGI,396,letter,GA2xGI,GA2xGI
ğ’ƒ,120CE,GA2xGI4,412,letter,GA2xGI4,GA2xGI4
ğ’ƒ,120CF,GA2xGI4+A,128,letter,GA2xGI4+A,GA2xGI4+A
ğ’ƒ,âˆ‚âˆ‚120D0,GA2xGIR2+SU,391,letter,GA2xGIR2+SU,GA2xGIR2+SU
ğ’ƒ‘,120D1,GA2xá¸ªA+LU+EÅ 2,430,letter,GA2xá¸ªA+LU+EÅ 2,GA2xá¸ªA+LU+EÅ 2
ğ’ƒ’,120D2,GA2xá¸ªAL,128,letter,GA2xá¸ªAL,GA2xá¸ªAL
ğ’ƒ“,120D3,GA2xá¸ªAL+LA,390,letter,GA2xá¸ªAL+LA,GA2xá¸ªAL+LA
ğ’ƒ”,120D4,GA2xá¸ªI+LI,421,letter,GA2xá¸ªI+LI,GA2xá¸ªI+LI
ğ’ƒ•,120D5,GA2xá¸ªUB2,398,letter,GA2xá¸ªUB2,GA2xá¸ªUB2
ğ’ƒ–,120D6,GA2xIGIgunÃ»,417,letter,GA2xIGIgunÃ»,GA2xIGIgunÃ»
ğ’ƒ—,120D7,GA2xIÅ +á¸ªU+AÅ ,406,letter,GA2xIÅ +á¸ªU+AÅ ,GA2xIÅ +á¸ªU+AÅ 
ğ’ƒ˜,120D8,GA2xKAK,407,letter,GA2xKAK,GA2xKAK
ğ’ƒ™,120D9,GA2xKASKAL,405,letter,GA2xKASKAL,GA2xKASKAL
ğ’ƒš,120DA,GA2xKID,394,letter,GA2xKID,GA2xKID
ğ’ƒ›,120DB,GA2xKID+LAL,409,letter,GA2xKID+LAL,GA2xKID+LAL
ğ’ƒœ,120DC,GA2xKU3+AN,426,letter,GA2xKU3+AN,GA2xKU3+AN
ğ’ƒ,120DD,GA2xLA,128,letter,GA2xLA,GA2xLA
ğ’ƒ,120DE,GA2xME+EN,427,letter,MEN,MEN
ğ’ƒŸ,120DF,GA2xMI,424,letter,ITIMA,ITIMA
ğ’ƒ ,120,GA2xNUN,397,letter,GANUN,GANUN
ğ’ƒ¡,1200,GA2xNUN/NUN,411,letter,UR3,UR3
ğ’ƒ¢,12000,GA2xPA,408,letter,GAZI,GAZI
ğ’ƒ£,120000,GA2xSAL,432,letter,ARá¸ªUÅ ,ARá¸ªUÅ 
ğ’ƒ¤,1200000,GA2xSAR,413,letter,GA2xSAR,GA2xSAR
ğ’ƒ¥,12000000,GA2xÅ E,418,letter,ESAG2,ESAG2
ğ’ƒ¦,120000000,GA2xÅ E+TUR,419,letter,GA2xÅ E+TUR,GA2xÅ E+TUR
ğ’ƒ§,1200000000,GA2xÅ ID,410,letter,GA2xÅ ID,GA2xÅ ID
ğ’ƒ¨,12000000000,GA2xSUM,404,letter,GA2xSUM,GA2xSUM
ğ’ƒ©,120E9,GA2xTAK4,394,letter,GA2xTAK4,GA2xTAK4
ğ’ƒª,120EA,GA2xU,422,letter,GA2xU,GA2xU
ğ’ƒ«,120EB,GA2xUD,420,letter,GA2xUD,GA2xUD
ğ’ƒ¬,120EC,GA2xUD+DU,238,letter,GA2xUD+DU,GA2xUD+DU
ğ’ƒ­,120ED,GA2/GA2,238,letter,GA2/GA2,GA2/GA2
ğ’ƒ®,120EE,GABA,238,letter,GABA,GABA
ğ’ƒ¯,120EF,GABAcrossingGABA,238,letter,GABAcrossingGABA,GABAcrossingGABA
ğ’ƒ°,120F0,GAD,157,letter,GAD,GAD
ğ’ƒ±,120F1,GAD/GADGAR/GAR,238,letter,GAD/GADGAR/GAR,GAD/GADGAR/GAR
ğ’ƒ²,120F2,GAL,553,letter,GAL,GAL
ğ’ƒ³,120F3,GALGAD/GADGAR/GAR,238,letter,GALGAD/GADGAR/GAR,GALGAD/GADGAR/GAR
ğ’ƒ´,120F4,GALAM,338,letter,SUKUD,SUKUD
ğ’ƒµ,120F5,GAM,576,letter,GAM,GAM
ğ’ƒ¶,120F6,GAN,253,letter,KAN,KAN
ğ’ƒ·,120F7,GAN2,174,letter,GAN2,GAN2
ğ’ƒ¸,120F8,GAN2tenÃ»,175,letter,KAR2,KAR2
ğ’ƒ¹,120F9,GAN2/GAN2,174,letter,GAN2/GAN2,GAN2/GAN2
ğ’ƒº,120FA,GAN2crossingGAN2,174v,letter,GAN2crossingGAN2,GAN2crossingGAN2
ğ’ƒ»,120FB,GAR,859,letter,NINDA,NINDA
ğ’ƒ¼,120FC,GAR3,543,letter,GAR3,GAR3
ğ’ƒ½,120FD,GAÅ AN,562,letter,UgunÃ»,UgunÃ»
ğ’ƒ¾,120FE,GEÅ TIN,212,letter,GEÅ TIN,GEÅ TIN
ğ’ƒ¿,120FF,GEÅ TINxKUR,213,letter,GEÅ TINxKUR,GEÅ TINxKUR
ğ’„€,12100,GI,141,letter,GE,GE
ğ’„,12101,GIxE,238,letter,GIxE,GIxE
ğ’„‚,12102,GIxU,238,letter,GIxU,GIxU
ğ’„ƒ,12103,GIcrossingGI,105,letter,GI16,GI16
ğ’„„,12104,GI4,507,letter,GE4,GE4
ğ’„…,12105,GI4/GI4,508,letter,GIGI,GIGI
ğ’„†,12106,GI4crossingGI4,508,letter,GIGI,GIGI
ğ’„‡,12107,GIDIM,830,letter,GIDIM,GIDIM
ğ’„ˆ,12108,GIR2,6,letter,ÄœIRI2,ÄœIRI2
ğ’„‰,12109,GIR2gunÃ»,7,letter,GIR2gunÃ»,GIR2gunÃ»
ğ’„Š,1210A,GIR3,701,letter,PIRIÄœ,PIRIÄœ
ğ’„‹,1210B,GIR3xA+IGI,703,letter,GIR3xA+IGI,GIR3xA+IGI
ğ’„Œ,1210C,GIR3xGAN2tenÃ»,675,letter,GIRI16,GIRI16
ğ’„,1210D,GIR3xIGI,238,letter,GIR3xIGI,GIR3xIGI
ğ’„,1210E,GIR3xLU+IGI,702,letter,GIR3xLU+IGI,GIR3xLU+IGI
ğ’„,1210F,GIR3xPA,238,letter,GIR3xPA,GIR3xPA
ğ’„,12110,GISAL,376,letter,GISAL,GISAL
ğ’„‘,12111,GIÅ ,469,letter,ÄœEÅ ,ÄœEÅ 
ğ’„’,12112,GIÅ crossingGIÅ ,469,letter,GIÅ crossingGIÅ ,GIÅ crossingGIÅ 
ğ’„“,12113,GIÅ xBAD,471,letter,GIÅ xBAD,GIÅ xBAD
ğ’„”,12114,GIÅ xTAK4,128,letter,GIÅ xTAK4,GIÅ xTAK4
ğ’„•,12115,GIÅ tenÃ»,470,letter,GUR17,GUR17
ğ’„–,12116,GU,891,letter,GU,GU
ğ’„—,12117,GUcrossingGU,892,letter,SÃ™á¸ª,SÃ™á¸ª
ğ’„˜,12118,GU2,176,letter,GU2,GU2
ğ’„™,12119,GU2xKAK,178,letter,DUR,DUR
ğ’„š,1211A,GU2xKAKxIGIgunÃ»,238,letter,GU2xKAKxIGIgunÃ»,GU2xKAKxIGIgunÃ»
ğ’„›,1211B,GU2xNUN,128,letter,GU2xNUN,GU2xNUN
ğ’„œ,1211C,GU2xSAL+TUG2,,letter,GU2xSAL+TUG2,GU2xSAL+TUG2
ğ’„,1211D,GU2gunÃ»,509,letter,USAN2,USAN2
ğ’„,1211E,GUD,472,letter,GU4,GUD
ğ’„Ÿ,1211F,GUDxA+KUR,238,letter,GUDxA+KUR,GUDxA+KUR
ğ’„ ,12120,GUDxKUR,309,letter,ADAR2,ADAR2
ğ’„¡,12121,GUD/GUDLUGAL,572,letter,BIÅ EBA3,BIÅ EBA3
ğ’„¢,12122,GUL,682,letter,SUN2,SUN2
ğ’„£,12123,GUM,339,letter,KUM,KUM
ğ’„¤,12124,GUMxÅ E,340,letter,GAZ,GAZ
ğ’„¥,12125,GUR,180,letter,GUR,GUR
ğ’„¦,12126,GUR7,819,letter,GUR7,GUR7
ğ’„§,12127,GURUN,503,letter,GURUN,GURUN
ğ’„¨,12128,GURUÅ ,238,letter,GURUÅ ,GURUÅ 
ğ’„©,12129,á¸ªA,856,letter,KU6,KU6
ğ’„ª,1212A,á¸ªAtenÃ»,857,letter,ZUBUD,ZUBUD
ğ’„«,1212B,á¸ªAgunÃ»,558GIR,letter,á¸ªAgunÃ»,á¸ªAgunÃ»
ğ’„¬,1212C,á¸ªAL,3,letter,AÅ ,AÅ 
ğ’„­,1212D,á¸ªI,631,letter,DU10,DU10
ğ’„®,1212E,á¸ªIxAÅ ,634,letter,SUR3,SUR3
ğ’„¯CVC,1212F,á¸ªIxAÅ 2,644,letter,á¸ªAR,á¸ªAR
ğ’„°,12130,á¸ªIxBAD,640,letter,DU15,DU15
ğ’„±,12131,á¸ªIxDIÅ ,659,letter,Å ÃRxDIÅ ,Å ÃRxDIÅ 
ğ’„²,12132,á¸ªIxGAD,650,letter,Å ÃRxGAD,Å ÃRxGAD
ğ’„³,12133,á¸ªIxKIN,660,letter,á¸ªIxKIN,á¸ªIxKIN
ğ’„´,12134,á¸ªIxNUN,636,letter,Aá¸ª,Aá¸ª
ğ’„µ,12135,á¸ªIxÅ E,643,letter,BIR,BIR
ğ’„¶,12136,á¸ªIxU,653,letter,DÃšBUR,DÃšBUR
ğ’„·,12137,á¸ªU,132,letter,á¸ªU,á¸ªU
ğ’„¸,12138,á¸ªUB2,149,letter,TU11,TU11
ğ’„¹,12139,á¸ªUB2xAN,238,letter,á¸ªUB2xAN,á¸ªUB2xAN
ğ’„º,1213A,á¸ªUB2xá¸ªAL,238,letter,á¸ªUB2xá¸ªAL,á¸ªUB2xá¸ªAL
ğ’„»,1213B,á¸ªUB2xKASKAL,238,letter,á¸ªUB2xKASKAL,á¸ªUB2xKASKAL
ğ’„¼,1213C,á¸ªUB2xLIÅ ,238,letter,á¸ªUB2xLIÅ ,á¸ªUB2xLIÅ 
ğ’„½,1213D,á¸ªUB2xUD,150,letter,á¸ªUB2xUD,á¸ªUB2xUD
ğ’„¾,1213E,á¸ªUL2,877,letter,HUL2,HUL2
ğ’„¿,1213F,I,252,letter,I,I
ğ’…€,12140,IA,238,letter,IA,IA
ğ’…,12141,IB,807,letter,IB,IB
ğ’…‚,12142,IDIM,238,letter,IDIM,IDIM
ğ’…ƒ,12143,IDIM/IDIMBUR,238,letter,IDIM/IDIMBUR,IDIM/IDIMBUR
ğ’…„,12144,IDIM/IDIMsquared,238,letter,IDIM/IDIMsquared,IDIM/IDIMsquared
ğ’……,12145,IG,136,letter,IK,IK
ğ’…†,12146,IGI,724,letter,Å I,Å I
ğ’…‡,12147,IGIDIB,731,letter,U3,U3
ğ’…ˆ,12148,IGIRI,726,letter,AR,AR
ğ’…‰,12149,IGI/IGIÅ IR/Å IRUD/UD,128,letter,IGI/IGIÅ IR/Å IRUD/UD,IGI/IGIÅ IR/Å IRUD/UD
ğ’…Š,1214A,IGIgunÃ»,564,letter,SIG7,SIG7
ğ’…‹,1214B,IL,348,letter,IL,IL
ğ’…Œ,1214C,ILxGAN2tenÃ»,349,letter,ILxGAN2tenÃ»,ILxGAN2tenÃ»
ğ’…,1214D,IL2,493,letter,IL2,IL2
ğ’…,1214E,IM,641,letter,EM,EM
ğ’…,1214F,IMxTAK4,642,letter,IMxTAK4,IMxTAK4
ğ’…,12150,IMcrossingIM,641,letter,DALHAMUN6,DALHAMUN6
ğ’…‘,12151,IMopposingIM,641,letter,IMopposingIM,IMopposingIM
ğ’…’,12152,IMsquared,641,letter,IMsquared,IMsquared
ğ’…“,12153,IMIN,863,letter,IMIN,IMIN
ğ’…”,12154,IN,261,letter,IN,IN
ğ’…•,12155,IR,437,letter,GAGgunÃ»,GAGgunÃ»
ğ’…–,12156,IÅ ,357,letter,IÅ ,IÅ 
ğ’…—,12157,KA,24,letter,INIM,INIM
ğ’…˜,12158,KAxA,64,letter,NAÄœ,NAÄœ
ğ’…™,12159,KAxAD,238,letter,KAxAD,KAxAD
ğ’…š,1215A,KAxAD+KU3,34,letter,KAxAD+KU3,KAxAD+KU3
ğ’…›,1215B,KAxAÅ 2,46,letter,KAxAÅ 2,KAxAÅ 2
ğ’…œ,1215C,KAxBAD,238,letter,UÅ 11,UÅ 11
ğ’…,1215D,KAxBALAG,47,letter,KAxBALAG,KAxBALAG
ğ’…,1215E,KAxBAR,30,letter,KAxBAR,KAxBAR
ğ’…Ÿ,1215F,KAxBI,238,letter,KAxBI,KAxBI
ğ’… ,12160,KAxERIN2,53,letter,KAxERIN2,KAxERIN2
ğ’…¡,12161,KAxEÅ 2,128,letter,KAxEÅ 2,KAxEÅ 2
ğ’…¢,12162,KAxGA,44,letter,KAxGA,KAxGA
ğ’…£,12163,KAxGAL,238,letter,KAxGAL,KAxGAL
ğ’…¤,12164,KAxGAN2tenÃ»,33,letter,PU3,PU3
ğ’…¥,12165,KAxGAR,65,letter,GU7,GU7
ğ’…¦,12166,KAxGAR+Å A3+A,66,letter,KAxGAR+Å A3+A,KAxGAR+Å A3+A
ğ’…§,12167,KAxGI,128,letter,KAxGI,KAxGI
ğ’…¨,12168,KAxGIR2,25,letter,KAxGIR2,KAxGIR2
ğ’…©,12169,KAxGIÅ +SAR,238,letter,KAxGIÅ +SAR,KAxGIÅ +SAR
ğ’…ª,1216A,KAxGIÅ crossingGIÅ ,128,letter,KAxGIÅ crossingGIÅ ,KAxGIÅ crossingGIÅ 
ğ’…«,1216B,KAxGU,69,letter,KAxGU,KAxGU
ğ’…¬,1216C,KAxGUR7,63,letter,KAxGUR7,KAxGUR7
ğ’…­,1216D,KAxIGI,59,letter,KAxIGI,KAxIGI
ğ’…®,1216E,KAxIM,54,letter,BUN2,BUN2
ğ’…¯,1216F,KAxKAK,38,letter,KAxKAK,KAxKAK
ğ’…°,12170,KAxKI,60,letter,KAxKI,KAxKI
ğ’…±,12171,KAxKID,238,letter,KAxKID,KAxKID
ğ’…²,12172,KAxLI,26,letter,KAxLI,KAxLI
ğ’…³,12173,KAxLU,128,letter,KAxLU,KAxLU
ğ’…´,12174,KAxME,61,letter,EME,EME
ğ’…µ,12175,KAxME+DU,238,letter,KAxME+DU,KAxME+DU
ğ’…¶,12176,KAxME+GI,238,letter,KAxME+GI,KAxME+GI
ğ’…·,12177,KAxME+TE,238,letter,KAxME+TE,KAxME+TE
ğ’…¸,12178,KAxMI,57,letter,KAxMI,KAxMI
ğ’…¹,12179,KAxMI+NUNUZ,238,letter,KAxMI+NUNUZ,KAxMI+NUNUZ
ğ’…º,1217A,KAxNE,35,letter,KAxNE,KAxNE
ğ’…»,1217B,KAxNUN,31,letter,NUNDUM,NUNDUM
ğ’…¼,1217C,KAxPI,52,letter,KAxPI,KAxPI
ğ’…½,1217D,KAxRU,28,letter,KAxRU,KAxRU
ğ’…¾,1217E,KAxSA,32,letter,SU6,SU6
ğ’…¿,1217F,KAxSAR,45,letter,MU11,MU11
ğ’†€,12180,KAxÅ A,48,letter,KAxÅ A,KAxÅ A
ğ’†,12181,KAxÅ E,50,letter,KAxÅ E,KAxÅ E
ğ’†‚,12182,KAxÅ ID,42,letter,KAxÅ ID,KAxÅ ID
ğ’†ƒ,12183,KAxÅ U,4,letter,Å ÃšDU,Å ÃšDU
ğ’†„,12184,KAxSIG,68,letter,KAxSIG,KAxSIG
ğ’†…,12185,KAxSUá¸ªUR,238,letter,KAxSUá¸ªUR,KAxSUá¸ªUR
ğ’††,12186,KAxTAR,238,letter,KAxTAR,KAxTAR
ğ’†‡,12187,KAxU,56,letter,KAxU,KAxU
ğ’†ˆ,12188,KAxU2,43,letter,KAxU2,KAxU2
ğ’†‰,12189,KAxUD,51,letter,KAxUD,KAxUD
ğ’†Š,1218A,KAxUMUMxPA,238,letter,KAxUMUMxPA,KAxUMUMxPA
ğ’†‹,1218B,KAxUÅ ,39,letter,KAxUÅ ,KAxUÅ 
ğ’†Œ,1218C,KAxZI,238,letter,KAxZI,KAxZI
ğ’†,1218D,KA2,222,letter,KA2,KA2
ğ’†,1218E,KA2crossingKA2,238,letter,KA2crossingKA2,KA2crossingKA2
ğ’†,1218F,KAB,148,letter,GAB2,GAB2
ğ’†,12190,KAD2,108,letter,KAD2,KAD2
ğ’†‘,12191,KAD3,109,letter,KAD3,KAD3
ğ’†’,12192,KAD4,568,letter,KAD4,KAD4
ğ’†“,12193,KAD5,569,letter,KAD5,KAD5
ğ’†”,12194,KAD5/KAD5,238,letter,KAD5/KAD5,KAD5/KAD5
ğ’†•,12195,KAK,379,letter,GAG,GAG
ğ’†–,12196,KAKxIGIgunÃ»,238,letter,KAKxIGIgunÃ»,KAKxIGIgunÃ»
ğ’†—,12197,KAL,496,letter,ALAD2,ALAD2
ğ’†˜,12198,KALxBAD,497,letter,ALAD,ALAD
ğ’†™,12199,KALcrossingKAL,238,letter,KALcrossingKAL,KALcrossingKAL
ğ’†š,1219A,KAM2,595,letter,KAM2,KAM2
ğ’†›,1219B,KAM4,97,letter,KAM4,KAM4
ğ’†œ,1219C,KASKAL,302,letter,KASKAL,KASKAL
ğ’†,1219D,KASKALLAGABxU/LAGABxU,307v,letter,Å UBTU6,Å UBTU6
ğ’†,1219E,KASKAL/KASKALLAGABxU/LAGABxU,307,letter,Å UBTU7,Å UBTU7
ğ’†Ÿ,1219F,KEÅ 2,238,letter,KEÅ 2,KEÅ 2
ğ’† ,121A0,KI,737,letter,GAN/GANBA,GAN/GANBA
ğ’†¡,121A1,KIxBAD,738,letter,KIxBAD,KIxBAD
ğ’†¢,121A2,KIxU,740,letter,KIxU,KIxU
ğ’†£,121A3,KIxUD,739,letter,KIxUD,KIxUD
ğ’†¤,121A4,KID,484,letter,LÃL2,LÃL2
ğ’†¥,121A5,KIN,815,letter,SAGA11,SAGA11
ğ’†¦,121A6,KISAL,435,letter,KISAL,KISAL
ğ’†§,121A7,KIÅ ,678,letter,KIÅ ,KIÅ 
ğ’†¨,121A8,KISIM5,687,letter,KISIM5,KISIM5
ğ’†©,121A9,KISIM5/KISIM5,687v,letter,KISIM5/KISIM5,KISIM5/KISIM5
ğ’†ª,121AA,KU,808,letter,DÃšR,DÃšR
ğ’†«,,KU/á¸ªIxAÅ 2KU/á¸ªIxÃÅ ,238,letter,KU/á¸ªIxAÅ 2KU/á¸ªIxÃÅ ,KU/á¸ªIxAÅ 2KU/á¸ªIxÃÅ 
ğ’†¬,121AC,KU3,745,letter,KUG,KUG
ğ’†­,121AD,KU4,87,letter,KUR9,KUR9
ğ’†®,121AE,KU4variantform,238,letter,KU4variantform,KU4variantform
ğ’†¯,121AF,KU7,171,letter,KU7,KU7
ğ’†°,121B0,KUL,117,letter,NUMUN238,NUMUN238
ğ’†±,121B1,KULgunÃ»,238,letter,KULgunÃ»,KULgunÃ»
ğ’†²,121B2,KUN,131,letter,KUN,KUN
ğ’†³,121B3,KUR,578,letter,GIN3,GIN3
ğ’†´,121B4,KURopposingKUR,238,letter,LAHMU,LAHMU
ğ’†µ,121B5,KUÅ U2,896,letter,KUÅ U2,KUÅ U2
ğ’†¶,121B6,KWU318,128,letter,KWU318,KWU318
ğ’†·,121B7,LA,89,letter,LA,LA
ğ’†¸,121B8,LAGAB,755,letter,NIGIN2,NIGIN2
ğ’†¹,121B9,LAGABxA,795,letter,AMBAR,AMBAR
ğ’†º,121BA,LAGABxA+DA+á¸ªA,797,letter,LAGABxA+DA+á¸ªA,LAGABxA+DA+á¸ªA
ğ’†»,121BB,LAGABxA+GAR,799,letter,LAGABxA+GAR,LAGABxA+GAR
ğ’†¼,121BC,LAGABxA+LAL,798,letter,LAGABxA+LAL,LAGABxA+LAL
ğ’†½,121BD,LAGABxAL,773,letter,LAGABxAL,LAGABxAL
ğ’†¾,121BE,LAGABxAN,758,letter,LAGABxAN,LAGABxAN
ğ’†¿,121BF,LAGABxAÅ ZIDAtenÃ»,778,letter,LAGABxAÅ ZIDAtenÃ»,LAGABxAÅ ZIDAtenÃ»
ğ’‡€,121C0,LAGABxBAD,760,letter,GIGIR,GIGIR
ğ’‡,121C1,LAGABxBI,769,letter,LAGABxBI,LAGABxBI
ğ’‡‚,121C2,LAGABxDAR,765,letter,LAGABxDAR,LAGABxDAR
ğ’‡ƒ,121C3,LAGABxEN,764,letter,LAGABxEN,LAGABxEN
ğ’‡„,121C4,LAGABxGA,775,letter,LAGABxGA,LAGABxGA
ğ’‡…,121C5,LAGABxGAR,801,letter,LAGABxGAR,LAGABxGAR
ğ’‡†,121C6,LAGABxGUD,772,letter,LAGABxGUD,LAGABxGUD
ğ’‡‡,121C7,LAGABxGUD+GUD,766,letter,LAGABxGUD+GUD,LAGABxGUD+GUD
ğ’‡ˆ,121C8,LAGABxá¸ªA,800,letter,LAGABxá¸ªA,LAGABxá¸ªA
ğ’‡‰,121C9,LAGABxá¸ªAL,756,letter,ENGUR,ENGUR
ğ’‡Š,121CA,LAGABxá¸ªIxNUN,784,letter,LAGABxá¸ªIxNUN,LAGABxá¸ªIxNUN
ğ’‡‹,121CB,LAGABxIGIgunÃ»,238,letter,LAGABxIGIgunÃ»,LAGABxIGIgunÃ»
ğ’‡Œ,121CC,LAGABxIM,785,letter,LAGABxIM,LAGABxIM
ğ’‡,121CD,LAGABxIM+á¸ªA,128,letter,LAGABxIM+á¸ªA,LAGABxIM+á¸ªA
ğ’‡,121CE,LAGABxIM+LU,128,letter,LAGABxIM+LU,LAGABxIM+LU
ğ’‡,121CF,LAGABxKI,789,letter,LAGABxKI,LAGABxKI
ğ’‡,121D0,LAGABxKIN,794,letter,LAGABxKIN,LAGABxKIN
ğ’‡‘,121D1,LAGABxKU3,790,letter,GARIM,GARIM
ğ’‡’,121D2,LAGABxKUL,761,letter,LAGABxKUL,LAGABxKUL
ğ’‡“,121D3,LAGABxKUL+á¸ªI+A,762,letter,LAGABxKUL+á¸ªI+A,LAGABxKUL+á¸ªI+A
ğ’‡”,121D4,LAGABxLAGAB,804,letter,NIÄœIN,NIÄœIN
ğ’‡•,121D5,LAGABxLIÅ ,782,letter,LAGABxLIÅ ,LAGABxLIÅ 
ğ’‡–,121D6,LAGABxLU,793,letter,LAGABxLU,LAGABxLU
ğ’‡—,121D7,LAGABxLUL,777,letter,LAGABxLUL,LAGABxLUL
ğ’‡˜,121D8,LAGABxME,791,letter,LAGABxME,LAGABxME
ğ’‡™,121D9,LAGABxME+EN,792,letter,LAGABxME+EN,LAGABxME+EN
ğ’‡š,121DA,LAGABxMUÅ ,780,letter,LAGABxMUÅ ,LAGABxMUÅ 
ğ’‡›,121DB,LAGABxNE,768,letter,UDUB,UDUB
ğ’‡œ,121DC,LAGABxÅ E+SUM,779,letter,LAGABxÅ E+SUM,LAGABxÅ E+SUM
ğ’‡,121DD,LAGABxÅ ITA+GIÅ +ERIN2,238,letter,LAGABxÅ ITA+GIÅ +ERIN2,LAGABxÅ ITA+GIÅ +ERIN2
ğ’‡,121DE,LAGABxÅ ITA+GIÅ tenÃ»,238,letter,LAGABxÅ ITA+GIÅ tenÃ»,LAGABxÅ ITA+GIÅ tenÃ»
ğ’‡Ÿ,121DF,LAGABxÅ U2,802,letter,LAGABxÅ U2,LAGABxÅ U2
ğ’‡ ,121,LAGABxÅ U2+Å U2,803,letter,LAGABxÅ U2+Å U2,LAGABxÅ U2+Å U2
ğ’‡¡,1210,LAGABxSUM,767,letter,ZAR,ZAR
ğ’‡¢,12100,LAGABxTAG,238,letter,LAGABxTAG,LAGABxTAG
ğ’‡£,121000,LAGABxTAK4,759,letter,LAGABxTAK4,LAGABxTAK4
ğ’‡¤,1210000,LAGABxTE+A+SU+NA,128,letter,LAGABxTE+A+SU+NA,LAGABxTE+A+SU+NA
ğ’‡¥,12100000,LAGABxU,786,letter,GÃGIR,GÃGIR
ğ’‡¦,121000000,LAGABxU+A,787,letter,LAGABxU+A,LAGABxU+A
ğ’‡§,1210000000,LAGABxU+U+U,788,letter,BUL,BUL
ğ’‡¨,12100000000,LAGABxU2+AÅ ,774,letter,LAGABxU2+AÅ ,LAGABxU2+AÅ 
ğ’‡©,121E+11,LAGABxUD,783,letter,LAGABxUD,LAGABxUD
ğ’‡ª,121EA,LAGABxUÅ ,770,letter,LAGABxUÅ ,LAGABxUÅ 
ğ’‡«,121EB,LAGABsquared,805,letter,LAGABsquared,LAGABsquared
ğ’‡¬,121EC,LAGAR,719,letter,LAGAR,LAGAR
ğ’‡­,121ED,LAGARxÅ E,722,letter,SU7,SU7
ğ’‡®,121EE,LAGARxÅ E+SUM,723,letter,LAGARxÅ E+SUM,LAGARxÅ E+SUM
ğ’‡¯,121EF,LAGARgunÃ»,721,letter,DU6,DU6
ğ’‡°,121F0,LAGARgunÃ»/LAGARgunÃ»Å E,721,letter,LAGARgunÃ»/LAGARgunÃ»Å E,LAGARgunÃ»/LAGARgunÃ»Å E
ğ’‡±,121F1,LAá¸ªÅ U,238,letter,LAá¸ªÅ U,LAá¸ªÅ U
ğ’‡²,121F2,LAL,750,letter,LA2,LA2
ğ’‡³,121F3,LALxLAL,751,letter,LAL2,LAL2
ğ’‡´,121F4,LAM,693,letter,BAfromGANBA,BAfromGANBA
ğ’‡µ,121F5,LAMxKUR,694,letter,EÅ 22,EÅ 22
ğ’‡¶,121F6,LAMxKUR+RU,694,letter,LAMxKUR+RU,LAMxKUR+RU
ğ’‡·,121F7,LI,85,letter,LI,LI
ğ’‡¸,121F8,LIL,544,letter,LIL,LIL
ğ’‡¹,121F9,LIMMU2,215,letter,LIMMU2,LIMMU2
ğ’‡º,121FA,LIÅ ,591,letter,DÃLIM,DÃLIM
ğ’‡»,121FB,LU,812,letter,UDU,UDU
ğ’‡¼,121FC,LUxBAD,814,letter,Ã€D,Ã€D
ğ’‡½,121FD,LU2,514,letter,Person,Person
ğ’‡¾,121FE,LU2xAL,523,letter,LU2xAL,LU2xAL
ğ’‡¿,121FF,LU2xBAD,517,letter,LU2xBAD,LU2xBAD
ğ’ˆ€,12200,LU2xEÅ 2,128,letter,LU2xEÅ 2,LU2xEÅ 2
ğ’ˆ,12201,LU2xEÅ 2tenÃ»,128,letter,LU2xEÅ 2tenÃ»,LU2xEÅ 2tenÃ»
ğ’ˆ‚,12202,LU2xGAN2tenÃ»,521,letter,LU2xGAN2tenÃ»,LU2xGAN2tenÃ»
ğ’ˆƒ,12203,LU2xá¸ªIxBAD,238,letter,LU2xá¸ªIxBAD,LU2xá¸ªIxBAD
ğ’ˆ„,12204,LU2xIM,526,letter,LU2xIM,LU2xIM
ğ’ˆ…,12205,LU2xKAD2,519,letter,LU2xKAD2,LU2xKAD2
ğ’ˆ†,12206,LU2xKAD3,238,letter,LU2xKAD3,LU2xKAD3
ğ’ˆ‡,12207,LU2xKAD3+AÅ ,238,letter,LU2xKAD3+AÅ ,LU2xKAD3+AÅ 
ğ’ˆˆ,12208,LU2xKI,527,letter,LU2xKI,LU2xKI
ğ’ˆ‰,12209,LU2xLA+AÅ ,238,letter,LU2xLA+AÅ ,LU2xLA+AÅ 
ğ’ˆŠ,1220A,LU2xLAGAB,528,letter,LU2xLAGAB,LU2xLAGAB
ğ’ˆ‹,1220B,LU2xME+EN,238,letter,LU2xME+EN,LU2xME+EN
ğ’ˆŒ,1220C,LU2xNE,522,letter,DU14,DU14
ğ’ˆ,1220D,LU2xNU,238,letter,LU2xNU,LU2xNU
ğ’ˆ,1220E,LU2xSI+AÅ ,238,letter,LU2xSI+AÅ ,LU2xSI+AÅ 
ğ’ˆ,1220F,LU2xSIK2+BU,533,letter,LU2xSIK2+BU,LU2xSIK2+BU
ğ’ˆ,12210,LU2xTUG2,530,letter,AZLAG7,AZLAG7
ğ’ˆ‘,12211,LU2tenÃ»,515,letter,LU2tenÃ»,LU2tenÃ»
ğ’ˆ’,12212,LU2crossingLU2,128,letter,LU2crossingLU2,LU2crossingLU2
ğ’ˆ“,12213,LU2opposingLU2,128,letter,LU2opposingLU2,LU2opposingLU2
ğ’ˆ”,12214,LU2squared,128,letter,LU2squared,LU2squared
ğ’ˆ•,12215,LU2Å¡eÅ¡ig,516,letter,DIM3,DIM3
ğ’ˆ–,12216,LU3,555,letter,GÃšG,GÃšG
ğ’ˆ—,12217,LUGAL,266,letter,LUGAL,LUGAL
ğ’ˆ˜,12218,LUGAL/LUGAL,266v,letter,DADRUM,DADRUM
ğ’ˆ™,12219,LUGALopposingLUGAL,266v,letter,LUGALopposingLUGAL,LUGALopposingLUGAL
ğ’ˆš,1221A,LUGALÅ¡eÅ¡ig,DIM3,letter,LUGALÅ¡eÅ¡ig,LUGALÅ¡eÅ¡ig
ğ’ˆ›,1221B,LUá¸ª,494,letter,LUá¸ª,LUá¸ª
ğ’ˆœ,1221C,LUL,570,letter,NAR,NAR
ğ’ˆ,1221D,LUM,900,letter,á¸ªUM,á¸ªUM
ğ’ˆ,1221E,LUM/LUM,902,letter,LUM/LUM,LUM/LUM
ğ’ˆŸ,1221F,LUM/LUMGAR/GAR,904,letter,LÃ™GUD,LÃ™GUD
ğ’ˆ ,12220,MA,552,letter,MA,MA
ğ’ˆ¡,12221,MAxTAK4,128,letter,MAxTAK4,MAxTAK4
ğ’ˆ¢,12222,MAgunÃ»,270,letter,á¸ªASá¸ªUR,á¸ªASá¸ªUR
ğ’ˆ£,12223,MA2,201,letter,MA2,MA2
ğ’ˆ¤,12224,MAá¸ª,91,letter,MAH,MAH
ğ’ˆ¥,12225,MAR,483,letter,MAR,MAR
ğ’ˆ¦,12226,MAÅ ,120,letter,MAÅ ,MAÅ 
ğ’ˆ§,12227,MAÅ 2,130,letter,MAÅ 2,MAÅ 2
ğ’ˆ¨,12228,ME,753,letter,ME,ME
ğ’ˆ©,12229,MES,486,letter,RID,RID
ğ’ˆª,1222A,MI,681,letter,ÄœI6,ÄœI6
ğ’ˆ«,1222B,MIN,825,letter,MIN,MIN
ğ’ˆ¬,1222C,MU,98,letter,ÄœU10,ÄœU10
ğ’ˆ­,1222D,MU/MU,301,letter,TAá¸ª,TAá¸ª
ğ’ˆ®,1222E,MUG,12,letter,oakum,oakum
ğ’ˆ¯,1222F,MUGgunÃ»,13,letter,ZADIM,ZADIM
ğ’ˆ°,12230,MUNSUB,820,letter,MUNÅ UB,MUNÅ UB
ğ’ˆ±,12231,MURGU2,128,letter,MURGU2,MURGU2
ğ’ˆ²,12232,MUÅ ,585,letter,MUÅ ,MUÅ 
ğ’ˆ³,12233,MUÅ xA,128,letter,MUÅ xA,MUÅ xA
ğ’ˆ´,12234,MUÅ xKUR,128,letter,MUÅ xKUR,MUÅ xKUR
ğ’ˆµ,12235,MUÅ xZA,128,letter,MUÅ xZA,MUÅ xZA
ğ’ˆ¶,12236,MUÅ /MUÅ ,586,letter,RI8,RI8
ğ’ˆ·,12237,MUÅ /MUÅ xA+NA,128,letter,MUÅ /MUÅ xA+NA,MUÅ /MUÅ xA+NA
ğ’ˆ¸,12238,MUÅ crossingMUÅ ,238,letter,MUÅ crossingMUÅ ,MUÅ crossingMUÅ 
ğ’ˆ¹,12239,MUÅ 3,153,letter,INANNA,INANNA
ğ’ˆº,1223A,MUÅ 3xA,154,letter,MUÅ 3xA,MUÅ 3xA
ğ’ˆ»,1223B,MUÅ 3xA+DI,155,letter,MUÅ 3xA+DI,MUÅ 3xA+DI
ğ’ˆ¼,1223C,MUÅ 3xDI,238,letter,MUÅ 3xDI,MUÅ 3xDI
ğ’ˆ½,1223D,MUÅ 3gunÃ»,128,letter,SUH,SUH
ğ’ˆ¾,1223E,NA,110,letter,Na,Na
ğ’ˆ¿,1223F,NA2,689,letter,NU2,NU2
ğ’‰€,12240,NAGA,293,letter,NISABA,NISABA
ğ’‰Haya,12241,NAGAinverted,128,letter,á¸ªAYA238,á¸ªAYA238
ğ’‰‚,12242,NAGAxÅ UtenÃ»,294,letter,NAGAxÅ UtenÃ»,NAGAxÅ UtenÃ»
ğ’‰ƒ,12243,NAGAopposingNAGA,128,letter,NAGAopposingNAGA,NAGAopposingNAGA
ğ’‰„,12244,NAGAR,893,letter,ALLA,ALLA
ğ’‰…,12245,NAMNUTILLU,238,letter,NAMNUTILLU,NAMNUTILLU
ğ’‰†,12246,NAM,134,letter,NAM,NAM
ğ’‰‡,12247,NAM2,238,letter,NAM2,NAM2
ğ’‰ˆ,12248,NE,313,letter,BI2,BI2
ğ’‰‰,12249,NExA,315,letter,NExA,NExA
ğ’‰Š,1224A,NExUD,314,letter,NExUD,NExUD
ğ’‰‹,1224B,NEÅ¡eÅ¡ig,312,letter,BÃL,BÃL
ğ’‰Œ,1224C,NI,380,letter,I3,I3
ğ’‰,1224D,NIxE,238,letter,NIxE,NIxE
ğ’‰,1224E,NI2,641,letter,NI2,NI2
ğ’‰,1224F,NIM,690,letter,NUM,NUM
ğ’‰,12250,NIMxGAN2tenÃ»,691,letter,NIMxGAN2tenÃ»,NIMxGAN2tenÃ»
ğ’‰‘,12251,NIMxGAR+GAN2tenÃ»,692,letter,NIMxGAR+GAN2tenÃ»,NIMxGAR+GAN2tenÃ»
ğ’‰’,12252,NINDA2,316,letter,NINDA2,NINDA2
ğ’‰“,12253,NINDA2xAN,320,letter,NINDA2xAN,NINDA2xAN
ğ’‰”,12254,NINDA2xAÅ ,317,letter,NINDA2xAÅ ,NINDA2xAÅ 
ğ’‰•,12255,NINDA2xAÅ +AÅ ,316,letter,NINDA2xAÅ +AÅ ,NINDA2xAÅ +AÅ 
ğ’‰–,12256,NINDA2xGUD,327,letter,NINDA2xGUD,NINDA2xGUD
ğ’‰—,12257,NINDA2xME+GAN2tenÃ»,128,letter,NINDA2xME+GAN2tenÃ»,NINDA2xME+GAN2tenÃ»
ğ’‰˜,12258,NINDA2xNE,326,letter,ÃG,ÃG
ğ’‰™,12259,NINDA2xNUN,324,letter,AZU,AZU
ğ’‰š,1225A,NINDA2xÅ E,333,letter,NINDA2xÅ E,NINDA2xÅ E
ğ’‰›,1225B,NINDA2xÅ E+AAN,333,letter,Å AM2,Å AM2
ğ’‰œ,1225C,NINDA2xÅ E+AÅ ,331,letter,NINDA2xÅ E+AÅ ,NINDA2xÅ E+AÅ 
ğ’‰,1225D,NINDA2xÅ E+AÅ +AÅ ,332,letter,NINDA2xÅ E+AÅ +AÅ ,NINDA2xÅ E+AÅ +AÅ 
ğ’‰,1225E,NINDA2xU2+AÅ ,330,letter,NINDA2xU2+AÅ ,NINDA2xU2+AÅ 
ğ’‰Ÿ,1225F,NINDA2xUÅ ,238,letter,NINDA2xUÅ ,NINDA2xUÅ 
ğ’‰ ,12260,NISAG,545,letter,MURU2,MURU2
ğ’‰¡,12261,NU,112,letter,NU,NU
ğ’‰¢,12262,NU11,115,letter,Å IR,Å IR
ğ’‰£,12263,NUN,143,letter,eridu,eridu
ğ’‰¤,12264,NUNLAGARxGAR,238,letter,NUNLAGARxGAR,NUNLAGARxGAR
ğ’‰¥,12265,NUNLAGARxMAÅ ,238,letter,NUNLAGARxMAÅ ,NUNLAGARxMAÅ 
ğ’‰¦,12266,NUNLAGARxSAL,238,letter,NUNLAGARxSAL,NUNLAGARxSAL
ğ’‰§,12267,NUNLAGARxSAL/NUNLAGARxSAL,238,letter,NUNLAGARxSAL/NUNLAGARxSAL,NUNLAGARxSAL/NUNLAGARxSAL
ğ’‰¨,12268,NUNLAGARxUÅ ,238,letter,NUNLAGARxUÅ ,NUNLAGARxUÅ 
ğ’‰©,12269,NUNtenÃ»,144,letter,NUNtenÃ»,NUNtenÃ»
ğ’‰ª,1226A,NUN/NUN,502,letter,NIR,NIR
ğ’‰«,1226B,NUNcrossingNUN,107,letter,NUNcrossingNUN,NUNcrossingNUN
ğ’‰¬,1226C,NUNcrossingNUNLAGAR/LAGAR,128,letter,NUNcrossingNUNLAGAR/LAGAR,NUNcrossingNUNLAGAR/LAGAR
ğ’‰­,1226D,NUNUZ,614,letter,NUNUZ,NUNUZ
ğ’‰®,1226E,NUNUZAB2xAÅ GAB,619,letter,USAN3,USAN3
ğ’‰¯,1226F,NUNUZAB2xBI,621,letter,MUD3,MUD3
ğ’‰°,12270,NUNUZAB2xDUG,625,letter,NUNUZAB2xDUG,NUNUZAB2xDUG
ğ’‰±,12271,NUNUZAB2xGUD,623,letter,NUNUZAB2xGUD,NUNUZAB2xGUD
ğ’‰²,12272,NUNUZAB2xIGIgunÃ»,627,letter,NUNUZAB2xIGIgunÃ»,NUNUZAB2xIGIgunÃ»
ğ’‰³,12273,NUNUZAB2xKAD3,618,letter,NUNUZAB2xKAD3,NUNUZAB2xKAD3
ğ’‰´,12274,NUNUZAB2xLA,616,letter,LAá¸ªTAN,LAá¸ªTAN
ğ’‰µ,12275,NUNUZAB2xNE,620,letter,NUNUZAB2xNE,NUNUZAB2xNE
ğ’‰¶,12276,NUNUZAB2xSILA3,617,letter,LAá¸ªTAN2,LAá¸ªTAN2
ğ’‰·,12277,NUNUZAB2xU2,624,letter,NUNUZAB2xU2,NUNUZAB2xU2
ğ’‰¸,12278,NUNUZKISIM5xBI,621,letter,MUD3,MUD3
ğ’‰¹,12279,NUNUZKISIM5xBIU,622,letter,MUD3,MUD3
ğ’‰º,1227A,PA,464,letter,GIDRU,GIDRU
ğ’‰»,1227B,PAD,746,letter,Å UK,Å UK
ğ’‰¼,1227C,PAN,685,letter,PAN,PAN
ğ’‰½,1227D,PAP,92,letter,PAB,PAB
ğ’‰¾,1227E,PEÅ 2,741,letter,PEÅ 2,PEÅ 2
ğ’‰¿,1227F,PI,598,letter,TAL2,TAL2
ğ’Š€,12280,PIxA,598v,letter,PIxA,PIxA
ğ’Š,12281,PIxAB,598v,letter,PIxAB,PIxAB
ğ’Š‚,12282,PIxBI,598v,letter,PIxBI,PIxBI
ğ’Šƒ,12283,PIxBU,598v,letter,PIxBU,PIxBU
ğ’Š„,12284,PIxE,598v,letter,PIxBU,PIxBU
ğ’Š…,12285,PIxI,598v,letter,PIxI,PIxI
ğ’Š†,12286,PIxIB,598v,letter,PIxIB,PIxIB
ğ’Š‡,12287,PIxU,598v,letter,PIxU,PIxU
ğ’Šˆ,12288,PIxU2,598v,letter,PIxU2,PIxU2
ğ’Š‰,12289,PIcrossingPI,598v,letter,PIcrossingPI,PIcrossingPI
ğ’ŠŠ,1228A,PIRIG,238,letter,PIRIG,PIRIG
ğ’Š‹,1228B,PIRIGxKAL,295,letter,PIRIGxKAL,PIRIGxKAL
ğ’ŠŒ,1228C,PIRIGxUD,296,letter,UG,UG
ğ’Š,1228D,PIRIGxZA,297,letter,AZ,AZ
ğ’Š,1228E,PIRIGopposingPIRIG,238,letter,PIRIGopposingPIRIG,PIRIGopposingPIRIG
ğ’Š,1228F,RA,511,letter,RA,RA
ğ’Š,12290,RAB,262,letter,RAB,RAB
ğ’Š‘,12291,RI,142,letter,DAL,DAL
ğ’Š’,12292,RU,111,letter,RU,RU
ğ’Š“,12293,SA,172,letter,SA,SA
ğ’Š”,12294,SAGNUTILLU,238,letter,SAGNUTILLU,SAGNUTILLU
ğ’Š•,12295,SAG,184,letter,SAÄœ,SAÄœ
ğ’Š–,12296,SAGxA,197,letter,SAGxA,SAGxA
ğ’Š—,12297,SAGxDU,187,letter,SAGxDU,SAGxDU
ğ’Š˜,12298,SAGxDUB,128,letter,SAGxDUB,SAGxDUB
ğ’Š™,12299,SAGxá¸ªA,198,letter,SAGxá¸ªA,SAGxá¸ªA
ğ’Šš,1229A,SAGxKAK,188,letter,SAGxKAK,SAGxKAK
ğ’Š›,1229B,SAGxKUR,238,letter,SAGxKUR,SAGxKUR
ğ’Šœ,1229C,SAGxLUM,200,letter,SAGxLUM,SAGxLUM
ğ’Š,1229D,SAGxMI,195,letter,SAGxMI,SAGxMI
ğ’Š,1229E,SAGxNUN,185,letter,SAGxNUN,SAGxNUN
ğ’ŠŸ,1229F,SAGxSAL,199,letter,SAGxSAL,SAGxSAL
ğ’Š ,122A0,SAGxÅ ID,191,letter,SAGxÅ ID,SAGxÅ ID
ğ’Š¡,122A1,SAGxTAB,238,letter,SAGxTAB,SAGxTAB
ğ’Š¢,122A2,SAGxU2,192,letter,SAGxU2,SAGxU2
ğ’Š£,122A3,SAGxUB,193,letter,SAGxUB,SAGxUB
ğ’Š¤,122A4,SAGxUM,186,letter,SAGxUM,SAGxUM
ğ’Š¥,122A5,SAGxUR,196,letter,SAGxUR,SAGxUR
ğ’Š¦,122A6,SAGxUÅ ,190,letter,SAGxUÅ ,SAGxUÅ 
ğ’Š§,122A7,SAG/SAG,238,letter,SAG/SAG,SAG/SAG
ğ’Š¨,122A8,SAGgunÃ»,512,letter,DUL3,DUL3
ğ’Š©,122A9,SAL,883,letter,MI2,MI2
ğ’Šª,122AA,SALLAGABxAÅ 2,128,letter,SALLAGABxAÅ 2,SALLAGABxAÅ 2
ğ’Š«,122AB,SANGA2,238,letter,SANGA2,SANGA2
ğ’Š¬,122AC,SAR,541,letter,MU2,MU2
ğ’Š­,122AD,Å A,566,letter,Å A,Å A
ğ’Š®,122AE,Å A3,599,letter,Å AG4,Å AG4
ğ’Š¯,122AF,Å A3xA,608,letter,PEÅ 4,PEÅ 4
ğ’Š°,122B0,Å A3xBAD,600,letter,Å A3xBAD,Å A3xBAD
ğ’Š±,122B1,Å A3xGIÅ ,603,letter,Å A3xGIÅ ,Å A3xGIÅ 
ğ’Š²,122B2,Å A3xNE,602,letter,Å A3xNE,Å A3xNE
ğ’Š³,122B3,Å A3xÅ U2,609,letter,Å A3xÅ U2,Å A3xÅ U2
ğ’Š´,122B4,Å A3xTUR,601,letter,Å A3xTUR,Å A3xTUR
ğ’Šµ,122B5,Å A3xU,605,letter,Å A3xU,Å A3xU
ğ’Š¶,122B6,Å A3xU+A,606,letter,BIR6,BIR6
ğ’Š·,122B7,Å A6,128,letter,SAG9,SAG9
ğ’Š¸,122B8,Å AB6,238,letter,Å AB6,Å AB6
ğ’Š¹,122B9,Å AR2,632,letter,TI2,TI2
ğ’Šº,122BA,Å E,579,letter,Å E,Å E
ğ’Š»,122BB,Å Eá¸ªU,238,letter,Å Eá¸ªU,Å Eá¸ªU
ğ’Š¼,122BC,Å E/Å EGAD/GADGAR/GAR,238,letter,Å E/Å EGAD/GADGAR/GAR,Å E/Å EGAD/GADGAR/GAR
ğ’Š½,122BD,Å E/Å ETAB/TABGAR/GAR,238,letter,Å E/Å ETAB/TABGAR/GAR,Å E/Å ETAB/TABGAR/GAR
ğ’Š¾,122BE,Å EG9,878,letter,Å EG9,Å EG9
ğ’Š¿,122BF,Å EN,17,letter,SUxA,SUxA
ğ’‹€,122C0,Å EÅ ,535,letter,URI3,URI3
ğ’‹,122C1,Å EÅ 2,821,letter,Å EÅ 2,Å EÅ 2
ğ’‹‚,122C2,Å EÅ LAM,100,letter,Å EÅ LAM,Å EÅ LAM
ğ’‹ƒ,122C3,Å ID,485,letter,LAG,LAG
ğ’‹„,122C4,Å IDxA,489,letter,UMBISAG2,UMBISAG2
ğ’‹…,122C5,Å IDxIM,487,letter,Å IDxIM,Å IDxIM
ğ’‹†,122C6,Å IM,362,letter,Å IM,Å IM
ğ’‹‡,122C7,Å IMxA,372,letter,Å IMxA,Å IMxA
ğ’‹ˆ,122C8,Å IMxBAL,363,letter,Å IMxBAL,Å IMxBAL
ğ’‹‰,122C9,Å IMxBULUG,367,letter,Å IMxBULUG,Å IMxBULUG
ğ’‹Š,122CA,Å IMxDIN,366,letter,Å IMxDIN,Å IMxDIN
ğ’‹‹,122CB,Å IMxGAR,373,letter,Å IMxGAR,Å IMxGAR
ğ’‹Œ,122CC,Å IMxIGI,371,letter,Å IMxIGI,Å IMxIGI
ğ’‹,122CD,Å IMxIGIgunÃ»,368,letter,Å IMxIGIgunÃ»,Å IMxIGIgunÃ»
ğ’‹,122CE,Å IMxKUÅ U2,375,letter,Å IMxKUÅ U2,Å IMxKUÅ U2
ğ’‹,122CF,Å IMxLUL,369,letter,Å IMxLUL,Å IMxLUL
ğ’‹,122D0,Å IMxMUG,365,letter,Å IMxMUG,Å IMxMUG
ğ’‹‘,122D1,Å IMxSAL,374,letter,Å IMxSAL,Å IMxSAL
ğ’‹’,122D2,Å INIG,238,letter,Å INIG,Å INIG
ğ’‹“,122D3,Å IR,115,letter,Å IR,Å IR
ğ’‹”,122D4,Å IRtenÃ»,116,letter,Å IRtenÃ»,Å IRtenÃ»
ğ’‹•,122D5,Å IR/Å IRBUR/BUR,128,letter,Å IR/Å IRBUR/BUR,Å IR/Å IRBUR/BUR
ğ’‹–,122D6,Å ITA,388,letter,GA2,GA2
ğ’‹—,122D7,Å U,567,letter,Å U,Å U
ğ’‹˜,122D8,Å U/Å U,238,letter,Å U/Å U,Å U/Å U
ğ’‹™,122D9,Å U2,869,letter,Å U2,Å U2
ğ’‹š,122DA,Å UBUR,22,letter,Å UBUR,Å UBUR
ğ’‹›,122DB,SI,181,letter,MA,MA
ğ’‹œ,122DC,SIgunÃ»,182,letter,SU4,SU4
ğ’‹,122DD,SIG,881,letter,SIG,SIG
ğ’‹,122DE,SIG4,905,letter,MURGU,MURGU
ğ’‹Ÿ,122DF,SIG4/SIG4Å U2,907,letter,SIG4/SIG4Å U2,SIG4/SIG4Å U2
ğ’‹ ,122,SIK2,816,letter,SIG2,SIG2
ğ’‹¡,1220,SILA3,99,letter,SILA3,SILA3
ğ’‹¢,12200,SU,16,letter,KUÅ ,KUÅ 
ğ’‹£,122000,SU/SU,238,letter,SU/SU,SU/SU
ğ’‹¤,1220000,SUD,584,letter,BUgunÃ»,BUgunÃ»
ğ’‹¥,12200000,SUD2,139,letter,SUD2,SUD2
ğ’‹¦,122000000,SUá¸ªUR,646,letter,SUá¸ªUR,SUá¸ªUR
ğ’‹§,1220000000,SUM,292,letter,Å UM2,Å UM2
ğ’‹¨,12200000000,SUMAÅ ,323,letter,SUMAÅ ,SUMAÅ 
ğ’‹©,122E+11,SUR,151,letter,SUR,SUR
ğ’‹ª,122EA,SUR9,205,letter,SUR9,SUR9
ğ’‹«,122EB,TA,248,letter,TA,TA
,122EC,TA,248v,letter,TA,TA
ğ’‹­,122ED,TAxá¸ªI,250,letter,LAL3,LAL3
ğ’‹®,122EE,TAxMI,251,letter,TAxMI,TAxMI
ğ’‹¯,122EF,TAgunÃ»,128,letter,TAgunÃ»,TAgunÃ»
ğ’‹°,122F0,TAB,209,letter,TAB,TAB
ğ’‹±,122F1,TAB/TABNI/NIDIÅ /DIÅ ,128,letter,TAB/TABNI/NIDIÅ /DIÅ ,TAB/TABNI/NIDIÅ /DIÅ 
ğ’‹²,122F2,TABSquared,238,letter,TABSquared,TABSquared
ğ’‹³,122F3,TAG,221,letter,TAG,TAG
ğ’‹´,122F4,TAGxBI,238,letter,TAGxBI,TAGxBI
ğ’‹µ,122F5,TAGxGUD,238,letter,TAGxGUD,TAGxGUD
ğ’‹¶,122F6,TAGxÅ E,238,letter,TAGxÅ E,TAGxÅ E
ğ’‹·,122F7,TAGxÅ U,238,letter,TAGxÅ U,TAGxÅ U
ğ’‹¸,122F8,TAGxTUG2,238,letter,TAGxTUG2,TAGxTUG2
ğ’‹¹,122F9,TAGxUD,238,letter,TAGxUD,TAGxUD
ğ’‹º,122FA,TAK4,106,letter,KID2,KID2
ğ’‹»,122FB,TAR,9,letter,TAR,TAR
ğ’‹¼,122FC,TE,589,letter,GAL5,GAL5
ğ’‹½,122FD,TEgunÃ»,88,letter,URU5,URU5
ğ’‹¾,122FE,TI,118,letter,DÃŒ,DÃŒ
ğ’‹¿,122FF,TItenÃ»,238,letter,TItenÃ»,TItenÃ»
ğ’Œ€,12300,TIL,114,letter,TIL,TIL
ğ’Œ,12301,TIR,587,letter,TIR,TIR
ğ’Œ‚,12302,TIRxTAK4,238,letter,TIRxTAK4,TIRxTAK4
ğ’Œƒ,12303,TIR/TIR,587v,letter,NINNI5,NINNI5
ğ’Œ„,12304,TIR/TIRGAD/GADGAR/GAR,588,letter,TIR/TIRGAD/GADGAR/GAR,TIR/TIRGAD/GADGAR/GAR
ğ’Œ…,12305,TU,86,letter,DU2,DU2
ğ’Œ†,12306,TUG2,809,letter,NAM2,NAM2
ğ’Œ‡,12307,TUK,827,letter,DU12,DU12
ğ’Œˆ,12308,TUM,354,letter,DU4,DU4
ğ’Œ‰,12309,TUR,255,letter,DU13,DU13
ğ’ŒŠ,1230A,TUR/TURZA/ZA,238,letter,TUR/TURZA/ZA,TUR/TURZA/ZA
ğ’Œ‹,1230B,U,661,letter,BUR3,BUR3
ğ’ŒŒ,1230C,UGUD,128,letter,UL,UL
ğ’Œ,1230D,UUU,711,letter,EÅ ,EÅ 
ğ’Œ,1230E,U/UPA/PAGAR/GAR,238,letter,U/UPA/PAGAR/GAR,U/UPA/PAGAR/GAR
ğ’Œ,1230F,U/USUR/SUR,238,letter,U/USUR/SUR,U/USUR/SUR
ğ’Œ,12310,U/UUreversed/Ureversed,713,letter,MAÅ GI,MAÅ GI
ğ’Œ‘,12311,U2,490,letter,U2,U2
ğ’Œ’,12312,UB,504,letter,AR2,AR2
ğ’Œ“,12313,UD,596,letter,BABBAR,BABBAR
ğ’Œ”,12314,UDKUÅ U2,611,letter,Uá¸ª2,Uá¸ª2
ğ’Œ•,12315,UDxBAD,238,letter,UDxBAD,UDxBAD
ğ’Œ–,12316,UDxMI,597,letter,ITIMA2,ITIMA2
ğ’Œ—,12317,UDxU+U+U,238,letter,DU16,DU16
ğ’Œ˜,12318,UDxU+U+UgunÃ»,128,letter,UDxU+U+UgunÃ»,UDxU+U+UgunÃ»
ğ’Œ™,12319,UDgunÃ»,542,letter,UDgunÃ»,UDgunÃ»
ğ’Œš,1231A,UDÅ¡eÅ¡ig,20,letter,ITI,ITI
ğ’Œ›,1231B,UDÅ¡eÅ¡igxBAD,238,letter,UDÅ¡eÅ¡igxBAD,UDÅ¡eÅ¡igxBAD
ğ’Œœ,1231C,UDUG,833,letter,UDUG,UDUG
ğ’Œ,1231D,UM,238,letter,UM,UM
ğ’Œ,1231E,UMxLAGAB,238,letter,UMxLAGAB,UMxLAGAB
ğ’ŒŸ,1231F,UMxME+DA,241,letter,UMxME+DA,UMxME+DA
ğ’Œ ,12320,UMxÅ A3,128,letter,UMxÅ A3,UMxÅ A3
ğ’Œ¡,12321,UMxU,239,letter,UMxU,UMxU
ğ’Œ¢,12322,UMBIN,238,letter,UMBIN,UMBIN
ğ’Œ£,12323,UMUM,238,letter,DU19,DU19
ğ’Œ¤,12324,UMUMxKASKAL,238,letter,DE2,DE2
ğ’Œ¥,12325,UMUMxPA,238,letter,UMUMxPA,UMUMxPA
ğ’Œ¦,12326,UN,501,letter,KALAM,KALAM
ğ’Œ§,12327,UNgunÃ»,238,letter,UNgunÃ»,UNgunÃ»
ğ’Œ¨,12328,UR,828,letter,HUL,HUL
ğ’Œ©,12329,URcrossingUR,828v,letter,URcrossingUR,URcrossingUR
ğ’Œª,1232A,URÅ¡eÅ¡ig,829,letter,URÅ¡eÅ¡ig,URÅ¡eÅ¡ig
ğ’Œ«,1232B,UR2,341,letter,UR2,UR2
ğ’Œ¬,1232C,UR2xA+á¸ªA,346,letter,UR2xA+á¸ªA,UR2xA+á¸ªA
ğ’Œ­,1232D,UR2xA+NA,238,letter,UR2xA+NA,UR2xA+NA
ğ’Œ®,1232E,UR2xAL,343,letter,UR2xAL,UR2xAL
ğ’Œ¯,1232F,UR2xá¸ªA,347,letter,UR2xá¸ªA,UR2xá¸ªA
ğ’Œ°,12330,UR2xNUN,342,letter,UR2xNUN,UR2xNUN
ğ’Œ±,12331,UR2xU2,344,letter,UR2xU2,UR2xU2
ğ’Œ²,12332,UR2xU2+AÅ ,345,letter,UR2xU2+AÅ ,UR2xU2+AÅ 
ğ’Œ³,12333,UR2xU2+BI,238,letter,UR2xU2+BI,UR2xU2+BI
ğ’Œ´,12334,UR4,835,letter,UR4,UR4
ğ’Œµ,12335,URI,574,letter,BUR/BUR,BUR/BUR
ğ’Œ¶,12336,URI3,128,letter,URI3,URI3
ğ’Œ·,12337,URU,71,letter,RI2,RI2
ğ’Œ¸,12338,URUxA,81,letter,URUxA,URUxA
ğ’Œ¹,12339,URUxAÅ GAB,238,letter,URUxAÅ GAB,URUxAÅ GAB
ğ’Œº,1233A,URUxBAR,73,letter,UKKIN,UKKIN
ğ’Œ»,1233B,URUxDUN,238,letter,URUxDUN,URUxDUN
ğ’Œ¼,1233C,URUxGA,76,letter,URUxGA,URUxGA
ğ’Œ½,1233D,URUxGAL,238,letter,URUxGAL,URUxGAL
ğ’Œ¾,1233E,URUxGAN2tenÃ»,74,letter,URUxGAN2tenÃ»,URUxGAN2tenÃ»
ğ’Œ¿,1233F,URUxGAR,83,letter,URUxGAR,URUxGAR
ğ’€,12340,URUxGU,84,letter,URUxGU,URUxGU
ğ’,12341,URUxá¸ªA,82,letter,URUxá¸ªA,URUxá¸ªA
ğ’‚,12342,URUxIGI,79,letter,URUxIGI,URUxIGI
ğ’ƒ,12343,URUxIM,238,letter,URUxIM,URUxIM
ğ’„,12344,URUxIÅ ,238,letter,URUxIÅ ,URUxIÅ 
ğ’…,12345,URUxKI,238,letter,URUxKI,URUxKI
ğ’†,12346,URUxLUM,238,letter,URUxLUM,URUxLUM
ğ’‡,12347,URUxMIN,80,letter,ULU3,ULU3
ğ’ˆ,12348,URUxPA,238,letter,URUxPA,URUxPA
ğ’‰,12349,URUxÅ E,238,letter,URUxÅ E,URUxÅ E
ğ’Š,1234A,URUxSIG4,238,letter,URUxSIG4,URUxSIG4
ğ’‹,1234B,URUxTU,72,letter,URUxTU,URUxTU
ğ’Œ,1234C,URUxU+GUD,128,letter,URUxU+GUD,URUxU+GUD
ğ’,1234D,URUxUD,77,letter,URUxUD,URUxUD
ğ’,1234E,URUxURUDA,75,letter,BANÅ UR,BANÅ UR
ğ’,1234F,URUDA,230,letter,URUDU,URUDU
ğ’,12350,URUDAxU,230,letter,URUDAxU,URUDAxU
ğ’‘,12351,UÅ ,381,letter,NITA,NITA
ğ’’,12352,UÅ xA,384,letter,UÅ xA,UÅ xA
ğ’“,12353,UÅ xKU,383,letter,UÅ xKU,UÅ xKU
ğ’”,12354,UÅ xKUR,238,letter,UÅ xKUR,UÅ xKUR
ğ’•,12355,UÅ xTAK4,382,letter,UÅ xTAK4,UÅ xTAK4
ğ’–,12356,UÅ X,583,letter,Z,Z
ğ’—,12357,UÅ 2,128,letter,MÅªTU,MÅªTU
ğ’˜,12358,UÅ UMX,238,letter,UÅ UMX,UÅ UMX
ğ’™,12359,UTUKI,238,letter,UTUKI,UTUKI
ğ’š,1235A,UZ3,203,letter,UZ3,UZ3
ğ’›,1235B,UZ3xKASKAL,204,letter,UZ3xKASKAL,UZ3xKASKAL
ğ’œ,1235C,UZU,311,letter,UZU,UZU
ğ’,1235D,ZA,851,letter,ZA,ZA
ğ’,1235E,ZAtenÃ»,854,letter,AS4,AS4
ğ’Ÿ,1235F,ZAsquaredxKUR,855,letter,ZAsquaredxKUR,ZAsquaredxKUR
ğ’ ,12360,ZAG,540,letter,ZA3,ZA3
ğ’¡,12361,ZAMX,238,letter,ZAMX,ZAMX
ğ’¢,12362,ZE2,259,letter,ZI2,ZI2
ğ’£,12363,ZI,140,letter,ZE1,ZE1
ğ’¤,12364,ZI/ZI,101,letter,ZI/ZI,ZI/ZI
ğ’¥,12365,ZI3,238,letter,ZI3,ZI3
ğ’¦,12366,ZIB,628,letter,ZIB,ZIB
ğ’§,12367,ZIBKABAtenÃ»,238,letter,ZIBKABAtenÃ»,ZIBKABAtenÃ»
ğ’¨,12368,ZIG,336,letter,ZIK,ZIK
ğ’©,12369,ZIZ2,238,letter,ZIZ2,ZIZ2
ğ’ª,1236A,ZU,15,letter,SU,SU
ğ’«,1236B,ZU5,238,letter,ZU5,ZU5
ğ’¬,1236C,ZU5xA,238,letter,ZU5xA,ZU5xA
ğ’­,1236D,ZUBUR,648,letter,ZUBUR,ZUBUR
ğ’®,1236E,ZUM,884,letter,ZUM,ZUM
ğ’¯,1236F,KAPELAMITE,238,letter,KAPELAMITE,KAPELAMITE
ğ’°,12370,ABxNUN,238,letter,ABxNUN,ABxNUN
ğ’±,12371,AB2xA,238,letter,AB2xA,AB2xA
ğ’²,12372,AMARxKUG,238,letter,AMARxKUG,AMARxKUG
ğ’³,12373,DAGKISIM5xU2+MAÅ ,238,letter,DAGKISIM5xU2+MAÅ ,DAGKISIM5xU2+MAÅ 
ğ’´,12374,DAG3,238,letter,DAG3,DAG3
ğ’µ,12375,DIÅ +Å U,238,letter,DIÅ +Å U,DIÅ +Å U
ğ’¶,12376,DUBxÅ E,238,letter,DUBxÅ E,DUBxÅ E
ğ’¶,12376,DUBxÅ E,238,letter,DUBxÅ E,DUBxÅ E
ğ’·,12377,EZENxGUD,238,letter,EZENxGUD,EZENxGUD
ğ’¸,12378,EZENxÅ E,238,letter,EZENxÅ E,EZENxÅ E
ğ’¹,12379,GA2xAN+KAK+A,238,letter,GA2xAN+KAK+A,GA2xAN+KAK+A
ğ’º,1237A,GA2xAÅ 2,238,letter,GA2xAÅ 2,GA2xAÅ 2
ğ’»,1237B,GE22,238,letter,GE22,GE22
ğ’¼,1237C,GIG,238,letter,GIG,GIG
ğ’½,1237D,á¸ªUÅ ,238,letter,á¸ªUÅ ,á¸ªUÅ 
ğ’¾,1237E,KAxANÅ E,238,letter,KAxANÅ E,KAxANÅ E
ğ’¿,1237F,KAxAÅ 3,238,letter,KAxAÅ 3,KAxAÅ 3
ğ’€,12380,KAxGIÅ ,238,letter,KAxGIÅ ,KAxGIÅ 
ğ’,12381,KAxGUD,238,letter,KAxGUD,KAxGUD
ğ’‚,12382,KAxá¸ªIxAÅ 2,238,letter,KAxá¸ªIxAÅ 2,KAxá¸ªIxAÅ 2
ğ’ƒ,12383,KAxLUM,238,letter,KAxLUM,KAxLUM
ğ’„,12384,KAxPA,238,letter,KAxPA,KAxPA
ğ’…,12385,KAxÅ UL,238,letter,KAxÅ UL,KAxÅ UL
ğ’†,12386,KAxTU,238,letter,KAxTU,KAxTU
ğ’‡,12387,KAxUR2,238,letter,KAxUR2,KAxUR2
ğ’ˆ,12388,LAGABxGI,238,letter,LAGABxGI,LAGABxGI
ğ’‰,12389,LU2Å EÅ IGxBAD,238,letter,LU2Å EÅ IGxBAD,LU2Å EÅ IGxBAD
ğ’Š,1238A,LU2xEÅ 2+LAL,238,letter,LU2xEÅ 2+LAL,LU2xEÅ 2+LAL
ğ’‹,1238B,LU2xÅ U,238,letter,LU2xÅ U,LU2xÅ U
ğ’Œ,1238C,MEÅ ,238,letter,MEÅ ,MEÅ 
ğ’,1238D,MUÅ 3xZA,238,letter,MUÅ 3xZA,MUÅ 3xZA
ğ’,1238E,NA4,238,letter,NA4,NA4
ğ’,1238F,NIN,238,letter,NIN,NIN
ğ’,12390,NIN9,238,letter,NIN9,NIN9
ğ’‘,12391,NINDA2xBAL,238,letter,NINDA2xBAL,NINDA2xBAL
ğ’’,12392,NINDA2xGI,238,letter,NINDA2xGI,NINDA2xGI
ğ’“,12393,NU11rotated90Â°,238,letter,NU11rotated90Â°,NU11rotated90Â°
ğ’”,12394,PEÅ 2,238,letter,PEÅ 2,PEÅ 2
ğ’•,12395,PIR2,238,letter,PIR2,PIR2
ğ’–,12396,SAGxIGIgunÃ»,238,letter,SAGxIGIgunÃ»,SAGxIGIgunÃ»
ğ’—,12397,TI2,238,letter,TI2,TI2
ğ’˜,12398,UMxME,238,letter,UMxME,UMxME
ğ’™,12399,UU,20,letter,UU,UU
ac,12038,ac,199,letter,ac,ac
an,1202d,an,10,letter,an,an
numun2,12364+121b8,numun2,238,always,numun2,numun2
gil,12103,gil,105,letter,gil,gil
kid2,122fa,kid2,103,letter,kid2,kid2
NunCrossingNun,1226b,NunCrossingNun,107,letter,NunCrossingNun,NunCrossingNun
kad2,12190,kad2,108,letter,kad2,kad2
kad3,12191,kad3,109,letter,kad3,kad3
accur,12038+122e9,accur,238,always,accur,accur
na,1223e,na,110,letter,na,na
ru,12292,ru,111,letter,ru,ru
nu,12261,nu,112,letter,nu,nu
bad,12041,bad,113,letter,bad,bad
cir,122d3,cir,115,letter,cir,cir
numun,121b0,numun,117,letter,numun,numun
ti,122fe,ti,118,letter,ti,ti
din,12077,din,119,letter,din,din
mug,1222e,mug,12,letter,mug,mug
mac,12226,mac,120,letter,mac,mac
bar,12047,bar,120,letter,bar,bar
banâ‚‚,1244f,banâ‚‚,120,letter,banâ‚‚,banâ‚‚
idigna,12226+12118+120fc,idigna,120,always,idigna,idigna
gidimâ‚‚,12226+1230B,gidimâ‚‚,125,always,gidim2,gidim2
mash-man,12226+1230B+1230B,mash-man,126,always,mash-man,mash-man
ag,1201D,ag,127,letter,ag,ag
me3,1201e,me3,129,letter,me3,me3
zadim,1222f,zadim,13,letter,zadim,zadim
mac2,12227,mac2,130,letter,mac2,mac2
kun,121b2,kun,131,letter,kun,kun
hu,12137,hu,132,letter,hu,hu
u5,12137+122db,u5,133,always,u5,u5
nam,12246,nam,134,letter,nam,nam
ig,12145,ig,136,letter,ig,ig
mud,12137+1212d,mud,126,always,mud,mud
sa4,12137+1223f,sa4,238,always,sa4,sa4
ba,12040,ba,14,letter,ba,ba
zi,12363,zi,140,letter,zi,zi
gi,12100,gi,141,letter,gi,gi
ri,12291,ri,142,letter,ri,ri
nun,12263,nun,143,letter,nun,nun
nun,12269,nun,144,letter,nun,nun
tur3,12263+121ec,tur3,145,always,tur3,tur3
immal,12265,immal,146,letter,immal,immal
cilam,12266,cilam,147,letter,cilam,cilam
kab,1218f,kab,148,letter,kab,kab
zu,1236a,zu,15,letter,zu,zu
hub,1213d,hub,150,letter,hub,hub
muc2,1223d,muc2,152,letter,muc2,muc2
muc3,12239,muc3,153,letter,muc3,muc3
sed,1223b,sed,155,letter,sed,sed
gad,120f0,gad,157,letter,gad,gad
Tak4,122fa,Tak4,122,letter,Tak4,Tak4
120F0+122FA+12111,238,120F0+122FA+12111,always,akkil,akkil,akkil
SI',122db,SI',125,letter,SI,SI
su,12200,su,16,letter,su,su
umbin,12322,umbin,160,letter,umbin,umbin
cinig,122d2,cinig,162,letter,cinig,cinig
kinda,120f1,kinda,163,letter,kinda,kinda
en,12097,en,164,letter,en,en
buru14,12098+12099,buru14,165,always,buru14,buru14
dar3,12070,dar3,166,letter,dar3,dar3
dim,12074,dim,167,letter,dim,dim
mun,12075,mun,168,letter,mun,mun
bulug,12051,bulug,169,letter,bulug,bulug
cen,122bf,cen,17,letter,cen,cen
lal,122ed,lal,170,letter,lal3,lal3
ku7,121af,ku7,171,letter,ku7,ku7
sa,12293,sa,172,letter,sa,sa
acgab,1203f,acgab,173,letter,acgab,acgab
gan2,120f7,gan2,174,letter,gan2,gan2
gan2,120f8,gan2,174,letter,gan2,gan2
gu2,12118,gu2,176,letter,gu2,gu2
usan,1211b,usan,177,letter,usan,usan
dur,12119,dur,178,letter,dur,dur
gun,12118,gun,179,letter,gun,gun
Un,12326,Un,111,letter,Un,Un
arad,12034,arad,18,letter,arad,arad
